0,0,2.8125,5.625,8.4375,11.25,14.0625,16.875,19.6875,22.5,25.3125,28.125,30.9375,33.75,36.5625,39.375,42.1875,45,47.8125,50.625,53.4375,56.25,59.0625,61.875,64.6875,67.5,70.3125,73.125,75.9375,78.75,81.5625,84.375,87.1875,90,92.8125,95.625,98.4375,101.25,104.0625,106.875,109.6875,112.5,115.3125,118.125,120.9375,123.75,126.5625,129.375,132.1875,135,137.8125,140.625,143.4375,146.25,149.0625,151.875,154.6875,157.5,160.3125,163.125,165.9375,168.75,171.5625,174.375,177.1875,180,182.8125,185.625,188.4375,191.25,194.0625,196.875,199.6875,202.5,205.3125,208.125,210.9375,213.75,216.5625,219.375,222.1875,225,227.8125,230.625,233.4375,236.25,239.0625,241.875,244.6875,247.5,250.3125,253.125,255.9375,258.75,261.5625,264.375,267.1875,270,272.8125,275.625,278.4375,281.25,284.0625,286.875,289.6875,292.5,295.3125,298.125,300.9375,303.75,306.5625,309.375,312.1875,315,317.8125,320.625,323.4375,326.25,329.0625,331.875,334.6875,337.5,340.3125,343.125,345.9375,348.75,351.5625,354.375,357.1875
-87.86380134,1.015293766,1.018905513,1.022327283,1.025771069,1.028627222,1.031668306,1.034986603,1.03808557,1.040708634,1.043798244,1.046598441,1.049667045,1.053454916,1.056669098,1.060681161,1.065098677,1.069853857,1.074659581,1.079314131,1.08390979,1.088909343,1.093744972,1.098098734,1.101578571,1.104687811,1.107174012,1.108786836,1.1104913,1.111397515,1.112371246,1.112215944,1.111329542,1.109532246,1.106961286,1.104555168,1.100482012,1.096319326,1.092225805,1.086968028,1.082104697,1.076792798,1.071574098,1.066551704,1.061379421,1.055685093,1.049765473,1.043740545,1.03714046,1.03073503,1.024120818,1.01689439,1.010167074,1.002899642,0.995733573,0.988420275,0.981375476,0.974177944,0.966487813,0.959068748,0.951915981,0.944464077,0.937587972,0.9305706,0.924386243,0.918161615,0.912748078,0.906912208,0.902039153,0.897822621,0.893424185,0.890286874,0.88710168,0.883986201,0.881174721,0.87910067,0.877388593,0.876690516,0.876354687,0.876031792,0.876244517,0.876625019,0.877404004,0.878290222,0.879763798,0.881729697,0.883411778,0.885269158,0.887293398,0.889095648,0.890482721,0.891907128,0.893891374,0.895496951,0.897293972,0.899537542,0.901833308,0.904422889,0.906628666,0.909221917,0.911369719,0.914451532,0.917002587,0.919873784,0.922714435,0.925246501,0.927839018,0.930913676,0.93366709,0.936942916,0.940185626,0.943545202,0.947065033,0.950558538,0.954449056,0.958176292,0.962269354,0.965913757,0.96990362,0.973817163,0.977887843,0.982004479,0.986489326,0.990711821,0.995056503,0.999300463,1.00353314,1.007641979,1.01136096
-85.09652949,1.039439069,1.044822794,1.047940199,1.048938972,1.048594979,1.047674177,1.045739926,1.042880929,1.039248268,1.035480211,1.031440354,1.027135667,1.022638345,1.018480337,1.014299213,1.011210795,1.009495323,1.010329714,1.012634102,1.016177967,1.020089675,1.025855645,1.031007105,1.034846438,1.03783973,1.039480532,1.040467563,1.04105859,1.040660291,1.04025704,1.040958511,1.042439333,1.04471189,1.04704921,1.050049474,1.052772433,1.055251387,1.057144175,1.057209488,1.05537926,1.052048763,1.046133454,1.037719286,1.026637014,1.012922873,0.996940577,0.979872546,0.961284341,0.94109597,0.92056278,0.899229599,0.878343702,0.856396011,0.835065491,0.814612842,0.795138693,0.777257829,0.761081704,0.746546932,0.732558421,0.721504861,0.708830313,0.699540109,0.691492913,0.684634604,0.679180384,0.674436441,0.669993515,0.666213029,0.663154974,0.661385014,0.659965009,0.661737079,0.656229059,0.655940012,0.655989593,0.656022708,0.657110278,0.658203397,0.659872406,0.662713149,0.665638147,0.669452345,0.675466815,0.684278731,0.69669212,0.714850242,0.733562973,0.755812965,0.778709205,0.796637494,0.814173172,0.821057166,0.825761894,0.824888701,0.825313694,0.828607774,0.832192367,0.834641233,0.840015601,0.845753134,0.851189879,0.855665645,0.858809377,0.860766286,0.860856825,0.861570038,0.861462161,0.863612991,0.865355982,0.866227982,0.864840451,0.864933375,0.86636136,0.869873853,0.875847228,0.884089949,0.894264996,0.90657959,0.920122285,0.935040678,0.950730993,0.966340125,0.981696903,0.996482103,1.00958678,1.021610768,1.031714172
-82.31291545,1.066945875,1.074821762,1.077869543,1.08016806,1.080096326,1.082952388,1.084491368,1.087008665,1.089210865,1.091987579,1.095052421,1.098600964,1.09967138,1.098758101,1.096829812,1.091264184,1.088122837,1.087383297,1.086841897,1.088100362,1.088679647,1.091934558,1.093490967,1.092791239,1.09179852,1.08918995,1.080825225,1.064268873,1.047161673,1.030306368,1.016116782,1.002712509,0.993804459,0.988436328,0.989395474,0.99296805,0.994983393,0.996163702,0.996331938,0.994288343,0.990410575,0.986001498,0.980058761,0.9712773,0.957865414,0.939996017,0.918700079,0.89414492,0.865435513,0.835839063,0.805759646,0.776450224,0.748999054,0.723478512,0.700251579,0.681657502,0.66733385,0.658617427,0.654787589,0.657183525,0.665484909,0.674183629,0.682065112,0.68703421,0.685933247,0.681763361,0.675778382,0.664871271,0.655192538,0.645611957,0.639737331,0.634745943,0.631009166,0.628684918,0.625328048,0.617564807,0.609579714,0.602818823,0.595050537,0.588790868,0.581401571,0.576222958,0.572489163,0.570005485,0.570051489,0.570692188,0.573460646,0.580119897,0.592600663,0.609596546,0.628493979,0.65031641,0.669875227,0.685692452,0.694592109,0.703729214,0.712642493,0.723796728,0.739958726,0.761026803,0.78305141,0.804944795,0.826954037,0.846370395,0.863570795,0.882293846,0.903751506,0.9262938,0.945972694,0.949481976,0.941134313,0.929382126,0.893004054,0.866901659,0.844639605,0.832522326,0.831069573,0.837318877,0.847745818,0.865478902,0.888341523,0.913778315,0.942378193,0.970866618,0.997817714,1.020808484,1.040374823,1.056026243
-79.52560908,1.025601824,1.026761402,1.030605229,1.038899046,1.05388954,1.076914526,1.107005409,1.133920087,1.148423396,1.149406391,1.143371464,1.127660877,1.106261374,1.084592456,1.061347774,1.031059943,0.994574453,0.960555992,0.928732392,0.901531603,0.880498751,0.864145217,0.851362977,0.843152177,0.8386599,0.839940748,0.84883669,0.866632243,0.893178528,0.923224187,0.955731738,0.988802888,1.001988839,0.995317571,0.977825465,0.956008676,0.94546019,0.941464639,0.937664109,0.934584131,0.932185259,0.932324599,0.930954038,0.926448918,0.920199523,0.910930876,0.902172164,0.889788772,0.871861951,0.846559729,0.817136377,0.785504128,0.754162806,0.723697704,0.697693461,0.678050801,0.667804112,0.66455177,0.669735933,0.683986245,0.697834315,0.707776364,0.712862282,0.714033052,0.709272689,0.697109452,0.680099809,0.662006082,0.647059619,0.636396102,0.62479284,0.614309071,0.603779941,0.594312282,0.587807781,0.588101368,0.589481882,0.591628767,0.5935843,0.597104269,0.598357047,0.599398246,0.602035206,0.606900831,0.616380828,0.631643536,0.650147028,0.672369179,0.685365934,0.694874734,0.705571596,0.713435054,0.708118798,0.698444513,0.685029875,0.6736542,0.670614308,0.67786133,0.697094959,0.726518541,0.765921644,0.816251167,0.859923732,0.905264251,0.951686377,0.994496023,1.02911927,1.053475556,1.068351936,1.074353656,1.077913941,1.079030864,1.07930349,1.06696734,1.022981145,0.958629079,0.890702326,0.841519906,0.825216733,0.825015107,0.83510466,0.857117021,0.885954485,0.920161179,0.952074126,0.982506251,1.0061285,1.019828057
-76.73690218,1.081512386,1.086368471,1.085086981,1.085365019,1.091378848,1.103348989,1.120972454,1.126968854,1.118885562,1.104313914,1.09048896,1.080775965,1.071562632,1.060585851,1.044815731,1.026056079,0.997851563,0.972113525,0.950483409,0.934252888,0.916984791,0.901453906,0.877549307,0.846784288,0.807706282,0.768371427,0.737864816,0.718508955,0.713288054,0.723426316,0.749668511,0.791540798,0.838123087,0.875866491,0.899328302,0.904108984,0.89995859,0.907416823,0.916541636,0.92396758,0.927132777,0.921306998,0.905407811,0.887713988,0.874548309,0.873772535,0.879855529,0.884521271,0.888230069,0.886785481,0.876246627,0.855083241,0.826547942,0.79020803,0.752080087,0.71777946,0.690482215,0.669665529,0.657099178,0.657240812,0.666330491,0.600060501,0.580243047,0.561929119,0.558207249,0.553935402,0.536992448,0.528422474,0.523727148,0.523111446,0.532500766,0.538341177,0.541533205,0.518889456,0.58946271,0.594310401,0.601335662,0.612909798,0.626240869,0.638876018,0.653793265,0.666966145,0.676153564,0.680149665,0.678019521,0.668987357,0.661250444,0.655037374,0.649755793,0.645383959,0.644464854,0.647102412,0.652382571,0.658831895,0.667727562,0.676227774,0.687044988,0.703420858,0.733496743,0.772997449,0.815595929,0.853435101,0.884055458,0.914658846,0.945627692,0.975741966,0.998999033,1.018834145,1.032084492,1.04019879,1.04656551,1.052923148,1.051650923,0.958803644,0.973815237,0.971328395,0.92293982,0.943099754,0.865668328,0.819326559,0.808616717,0.819753111,0.843543137,0.884231124,0.935619229,0.989181464,1.034440801,1.066294122
-73.94751766,0.899869702,0.93100128,0.952999147,0.972493752,0.979520848,0.977908023,0.976274101,0.974254081,0.973721396,0.96641773,0.959119384,0.948235436,0.942331685,0.942170421,0.945310667,0.950651462,0.963535433,0.983081591,0.987130805,0.961835922,0.937846747,0.922980181,0.911534102,0.906757365,0.926929225,0.886767135,0.764335009,0.686224036,0.646802358,0.635371965,0.648816874,0.692742664,0.746703701,0.787079709,0.804284603,0.807595286,0.810221285,0.822912804,0.835758706,0.850699941,0.867829982,0.878163082,0.87156263,0.841767673,0.813438678,0.795521488,0.790750072,0.795113283,0.817064,0.841484957,0.852753168,0.849442485,0.830816486,0.799887635,0.761394463,0.724074904,0.693014464,0.663691879,0.64310709,0.626187802,0.619269684,0.609298694,0.562027134,0.52059236,0.499432552,0.489725566,0.492753578,0.505690754,0.519521165,0.532776833,0.547132407,0.560726564,0.571544649,0.579352563,0.596715877,0.62069533,0.645726209,0.659359122,0.652064309,0.614290083,0.704334275,0.697177104,0.692847284,0.692219335,0.693892794,0.691072049,0.682755483,0.717506834,0.65446873,0.650835014,0.643830622,0.617673188,0.734834923,0.750931975,0.769593199,0.778959724,0.785139495,0.792794676,0.799517681,0.809582192,0.82187266,0.83901059,0.86227848,0.878647058,0.891053658,0.905835188,0.937490736,0.926624768,0.981128718,1.00195976,1.008934018,1.016394361,1.038249128,1.052612178,1.055869657,1.067206392,1.072521502,1.088109811,1.072733035,0.948261029,0.951703898,0.874659946,0.831496675,0.809373044,0.799619503,0.810926976,0.835925199,0.866740853
-71.15775452,0.833899124,0.817081154,0.807026367,0.804012619,0.803622943,0.808902736,0.815878095,0.820846459,0.822223533,0.818134416,0.811970973,0.804006198,0.803695044,0.807766366,0.811696604,0.808423439,0.800673958,0.805222925,0.819665048,0.83547232,0.808682947,0.791858372,0.817943889,0.83342845,0.822259675,0.801459455,0.797072485,0.698620913,0.632820819,0.606794835,0.604894525,0.615660369,0.630431533,0.647065536,0.666044885,0.686039564,0.706223761,0.723410538,0.735884286,0.740463387,0.739120254,0.732068345,0.720243461,0.710462951,0.706161155,0.708262495,0.719822367,0.723953681,0.710624261,0.711489473,0.72252487,0.72870909,0.721491423,0.699109521,0.669848946,0.641318967,0.621627873,0.617863302,0.624168332,0.630805889,0.639493142,0.658190738,0.612440637,0.568521773,0.550671731,0.550250592,0.554049837,0.555534283,0.556280427,0.557012996,0.553739555,0.553838075,0.556375737,0.562297237,0.573878529,0.587430214,0.599996931,0.608805132,0.613430604,0.615459339,0.619634775,0.632490998,0.64433987,0.655867132,0.661378226,0.664055136,0.663525202,0.654841114,0.634445568,0.627308899,0.641093399,0.669563432,0.710067176,0.754803322,0.787377286,0.807733251,0.812956812,0.811320138,0.802724341,0.783394853,0.746489233,0.852928467,0.864497191,0.883281428,0.919223866,0.951424667,0.98875161,1.013520504,1.04856856,1.072124029,1.069801937,1.056671483,1.056859441,1.063594096,1.080915214,1.102539275,1.124346799,1.141687456,1.158164185,1.164611996,1.174975276,1.19199634,1.156143064,1.017695298,0.991422466,0.935714447,0.890574361,0.854688887
-68.36775861,1.080510219,1.046247018,1.011517179,0.987378389,0.961664568,0.940916726,0.925813769,0.917392538,0.906346316,0.89566592,0.885181188,0.873545867,0.848079171,0.782828961,0.921612005,0.886672559,0.836276806,0.79068375,0.75565326,0.730637517,0.719305231,0.723467274,0.737505045,0.747374672,0.749339057,0.779276381,0.731171532,0.697689792,0.737750977,0.675801498,0.629554442,0.600866868,0.578851434,0.565792576,0.562479691,0.560746378,0.564358353,0.570344754,0.576886223,0.580152508,0.581564119,0.584644327,0.58893163,0.595768612,0.594038142,0.587191895,0.584755551,0.582108454,0.581451106,0.584128383,0.599209554,0.625396801,0.650969126,0.667508324,0.67922203,0.706477904,0.718789837,0.69328466,0.679722013,0.673174215,0.673795879,0.667177219,0.624950022,0.595222534,0.583144103,0.574976326,0.569319425,0.561890958,0.553567559,0.550219678,0.551247026,0.550817814,0.550950274,0.557145915,0.566237291,0.581215264,0.596002711,0.611205242,0.621911874,0.63139953,0.634695078,0.628557595,0.616844393,0.604356657,0.595777326,0.589242829,0.585528756,0.576970386,0.563453468,0.551628491,0.547917583,0.552842191,0.566134551,0.582077586,0.59791114,0.614384887,0.634186197,0.655224048,0.679187722,0.702754153,0.72737724,0.762354984,0.80499433,0.824199339,0.937385062,0.973555912,1.033440376,0.990455707,0.952062476,0.909227237,0.875263723,0.859301333,0.867008985,0.886140792,0.914175329,0.946321824,0.981263013,1.011690184,1.033827759,1.055998357,1.078599542,1.096708267,1.118981972,1.139547084,1.162821763,1.167924881,1.149859545,1.116485131
-65.57760952,0.94550046,0.946556657,0.945579441,0.941783314,0.931486631,0.921806385,0.913261499,0.912092472,0.909809549,0.905460648,0.90469735,0.908986809,0.921228567,0.931587169,0.945579624,0.958933444,0.967694541,0.9702522,0.96316658,0.948331387,0.927140666,0.901543344,0.863485117,0.825589714,0.808121275,0.782713104,0.76830194,0.775783886,0.784110451,0.784595619,0.775296058,0.759330778,0.733103995,0.711387239,0.68323978,0.65063293,0.640928145,0.64110248,0.639906301,0.636957499,0.632312259,0.627025219,0.622474417,0.623237578,0.629661446,0.631056913,0.632094626,0.630564268,0.62654583,0.612541817,0.587955056,0.567492683,0.574235364,0.598618573,0.606881797,0.602376677,0.560694917,0.561509172,0.584875169,0.60855255,0.620062841,0.625129587,0.620843339,0.621499861,0.620188696,0.613104131,0.593973563,0.57452996,0.561185772,0.548370233,0.539241338,0.53506182,0.522385896,0.514672878,0.519639866,0.532264328,0.560915302,0.591938865,0.619057922,0.639969963,0.641518162,0.635779161,0.617210402,0.596419218,0.577162748,0.563458146,0.552289922,0.544757386,0.535796819,0.526827812,0.518721771,0.516015919,0.516559933,0.519593129,0.526711222,0.536208556,0.542542803,0.54648758,0.553546827,0.563152175,0.579342335,0.598997883,0.626180142,0.663095027,0.700709916,0.77604844,0.797350615,0.798972796,0.763432233,0.749696902,0.736830176,0.729499266,0.735200473,0.750741449,0.772211768,0.794803964,0.813131744,0.829435467,0.846728057,0.860998275,0.871053979,0.877639846,0.886529183,0.901326307,0.917131103,0.931951619,0.941491791,0.945771618
-62.7873543,0.827318945,0.843260421,0.852872786,0.859149976,0.858277242,0.862103457,0.868991762,0.880107241,0.895053704,0.904652952,0.905795193,0.901011209,0.899213638,0.904960344,0.916615204,0.928193194,0.936005878,0.940654741,0.942565326,0.939220426,0.934545878,0.920292539,0.896928055,0.863236158,0.823861308,0.788480725,0.750650268,0.715253815,0.695381689,0.686588899,0.679259319,0.674189637,0.673032948,0.676398349,0.671420629,0.655202674,0.637676582,0.631989456,0.638080706,0.64547491,0.644724455,0.638702049,0.634620225,0.634748741,0.634643524,0.637413313,0.638046581,0.639921253,0.648005325,0.647091083,0.629361851,0.591429526,0.533490733,0.493316306,0.480581215,0.470184315,0.462933395,0.485491926,0.523647388,0.559242302,0.57575343,0.573972141,0.57570284,0.577127339,0.576880994,0.565176691,0.543573361,0.529546047,0.530288339,0.52492053,0.517007721,0.503758337,0.479344903,0.461644842,0.462157988,0.477919807,0.494576147,0.499803882,0.498331544,0.492777795,0.482364476,0.471980465,0.459350269,0.446755069,0.435185977,0.427010266,0.423535704,0.424721885,0.428842649,0.433275255,0.436144251,0.43769933,0.440136362,0.443815164,0.447557903,0.450586558,0.453086472,0.454384519,0.451975419,0.444929657,0.433861649,0.426287559,0.429035744,0.444676294,0.466701085,0.470628296,0.530194911,0.580752662,0.625091656,0.689495642,0.706635865,0.66687056,0.638898263,0.635703207,0.650646414,0.675547402,0.697022307,0.717702772,0.741019739,0.757880594,0.768276072,0.770744063,0.769852524,0.766267426,0.771343345,0.782920509,0.796430731,0.812281117
-59.99702261,0.720928512,0.731746505,0.744455269,0.755858739,0.767619733,0.782334161,0.798771354,0.819813653,0.845072302,0.860488248,0.860681801,0.849659247,0.835426822,0.822754383,0.812789769,0.803206482,0.797333829,0.799887635,0.814304257,0.830616328,0.851403063,0.875312249,0.881534951,0.870448643,0.855537221,0.829968061,0.789107068,0.726508817,0.677277321,0.650962338,0.625543617,0.600138611,0.576757202,0.556430867,0.539235788,0.496392752,0.449097434,0.40336279,0.367353616,0.347977872,0.34356281,0.349382695,0.362661341,0.376707253,0.386499871,0.393012857,0.396838383,0.398048277,0.397529443,0.396582682,0.396733672,0.396193465,0.390420065,0.375835001,0.35940783,0.347668187,0.349026433,0.370323632,0.396992584,0.412956304,0.410701772,0.394299896,0.377351736,0.369516119,0.364738235,0.350257952,0.330784055,0.321566731,0.325460071,0.334322095,0.342697667,0.34993352,0.355187468,0.358503288,0.363431152,0.378794444,0.394043415,0.403186482,0.406722871,0.406654668,0.404025963,0.401632045,0.399963127,0.39755522,0.39334653,0.388537596,0.386255865,0.387664632,0.391645002,0.395276195,0.397373775,0.39798489,0.397626495,0.396350142,0.395585147,0.39650393,0.399592944,0.403306604,0.40757946,0.411486215,0.414725302,0.418098087,0.422287054,0.424737112,0.416175119,0.400044263,0.399439386,0.414587796,0.439823787,0.483560288,0.523102044,0.519518964,0.494182756,0.501509355,0.523558638,0.551052371,0.583846767,0.61454606,0.638667787,0.658810017,0.673398223,0.682046949,0.686492902,0.693512658,0.699939829,0.70487095,0.708565622,0.711965652
-57.20663403,0.614744383,0.618878586,0.618709342,0.618216789,0.613189809,0.613289888,0.614998571,0.600416924,0.570882301,0.53648852,0.516490263,0.505440281,0.502897391,0.510113636,0.524986302,0.540837972,0.551437919,0.563621612,0.571138691,0.575223497,0.58412508,0.602509642,0.62896126,0.657808263,0.688395552,0.710444789,0.694350901,0.649545727,0.605652824,0.572379819,0.542286229,0.497968242,0.455648672,0.424339089,0.398240133,0.375657959,0.359865433,0.349619156,0.343020011,0.339782622,0.340558992,0.346002273,0.354236693,0.361072895,0.365559668,0.367542629,0.367824085,0.365782461,0.362779973,0.361483095,0.367068928,0.382123795,0.401112156,0.412726884,0.413187789,0.415788929,0.433203154,0.448326017,0.44192022,0.428807287,0.420881314,0.416710051,0.417027993,0.416484529,0.408840906,0.394860697,0.380550828,0.371775903,0.367863529,0.367507817,0.369811403,0.373490732,0.37824582,0.385186,0.391078284,0.392154983,0.390266598,0.388649646,0.388042796,0.388263915,0.389762487,0.393856237,0.400562042,0.406342873,0.408010048,0.403167631,0.394495055,0.389655023,0.390346679,0.394440429,0.39827866,0.400320421,0.40070097,0.400092147,0.400647811,0.402878218,0.404734727,0.404821276,0.403663578,0.40202516,0.399255051,0.396102329,0.399156898,0.404036466,0.404874939,0.402575825,0.403591889,0.412280197,0.437837937,0.492597405,0.542554177,0.526307924,0.463436405,0.406804328,0.387553408,0.407153046,0.439188179,0.468970294,0.4888432,0.511785077,0.538291366,0.564661756,0.588956902,0.608451737,0.621352219,0.62531438,0.62223353,0.61751885
-54.41620203,0.420154571,0.402772314,0.378163079,0.363378888,0.364470586,0.375622665,0.382068893,0.378913718,0.377488554,0.381077849,0.3860042,0.391151349,0.399160889,0.413106377,0.437132383,0.461095095,0.472671983,0.477271495,0.481445555,0.489099911,0.503169145,0.525650392,0.561608884,0.606109142,0.650184087,0.677910498,0.642163906,0.536752432,0.455214781,0.420913925,0.433866786,0.445720291,0.447001139,0.443608906,0.440103339,0.435448009,0.429269109,0.423523962,0.419839748,0.417455232,0.414998891,0.411576662,0.409681351,0.40838023,0.405720382,0.400144205,0.393921366,0.389733316,0.388341107,0.388805498,0.391693757,0.397072391,0.401087251,0.401692175,0.405457893,0.421457067,0.448332943,0.457694423,0.435036868,0.412774126,0.40737233,0.409120275,0.419976703,0.43309248,0.437432208,0.432994603,0.428466733,0.42888214,0.431010449,0.432929473,0.434763049,0.434433733,0.431174328,0.427920243,0.426451254,0.423730588,0.420349271,0.419833877,0.422221695,0.42359111,0.424604606,0.427964916,0.433694468,0.437841376,0.437639567,0.431758841,0.420462926,0.409516371,0.405269614,0.40797863,0.412282169,0.414547663,0.415248722,0.415549372,0.415978951,0.41680082,0.416672946,0.416143058,0.416301846,0.416817927,0.413969434,0.419976979,0.480947086,0.503645324,0.455918133,0.448518241,0.436004911,0.429922972,0.424122648,0.433918844,0.467426039,0.485837524,0.466429376,0.425649336,0.395785168,0.387341646,0.383927856,0.37149408,0.351977024,0.343096722,0.349079018,0.362097628,0.373279727,0.382157942,0.393625532,0.409308462,0.423855297,0.426887254
-51.62573618,0.386181425,0.381365863,0.377300045,0.382424284,0.394633707,0.405099589,0.404879158,0.398931193,0.399132681,0.406243986,0.412451689,0.417220537,0.421195219,0.425358777,0.432949929,0.442831298,0.450573486,0.455204966,0.45898559,0.464780822,0.475730863,0.49718435,0.533922284,0.579875204,0.621921597,0.652059355,0.621432026,0.56302687,0.530200598,0.53091936,0.533036433,0.528240845,0.520183696,0.514397545,0.514727137,0.51634629,0.512539202,0.503652066,0.495549281,0.48862575,0.480013213,0.466431394,0.452715555,0.441867887,0.433296491,0.425572098,0.418731631,0.414574174,0.412012387,0.410678335,0.410560506,0.411662385,0.411709581,0.412662167,0.417947005,0.430880603,0.445080051,0.443928132,0.426649073,0.420153608,0.433534259,0.432863931,0.435017558,0.445751113,0.458965042,0.466817676,0.469597004,0.473113074,0.479174328,0.486051121,0.492128061,0.494293751,0.489100415,0.479851628,0.472952315,0.469988147,0.469982689,0.472545944,0.474297787,0.47260057,0.46962622,0.467872267,0.465276952,0.46060456,0.453985028,0.446287513,0.437176736,0.427557307,0.422046855,0.422264672,0.424287077,0.425600214,0.427498232,0.429415054,0.430898904,0.432198373,0.433264706,0.432680422,0.433951959,0.435981886,0.43046882,0.438754931,0.508384084,0.545481423,0.505322635,0.493057256,0.472005095,0.461300436,0.438310904,0.425201365,0.446490928,0.468520809,0.474277423,0.463610603,0.445293418,0.428633088,0.416733305,0.406108911,0.395831033,0.390363191,0.390299575,0.394473865,0.395813421,0.390320031,0.380792976,0.371888801,0.370705533,0.380977288
-48.83524347,0.450639441,0.450037728,0.44694243,0.456411282,0.471260556,0.473497659,0.464925162,0.45846749,0.459320181,0.464126272,0.469121697,0.477798676,0.489866557,0.501322727,0.510643661,0.517320801,0.521562559,0.520841549,0.515237715,0.510011264,0.509407349,0.519822412,0.54631196,0.576002343,0.593448996,0.607141489,0.613138347,0.626694619,0.637942604,0.634394244,0.618534639,0.595689264,0.572763899,0.557160454,0.552764862,0.549467067,0.53558047,0.518649027,0.504276299,0.490870559,0.474097078,0.456009819,0.443815394,0.436191585,0.42808325,0.421942098,0.418862624,0.41673991,0.414632148,0.413470597,0.412537963,0.41478933,0.42496112,0.442801668,0.45948993,0.469681397,0.475760584,0.479483096,0.477377169,0.4810318,0.496530671,0.505471653,0.49737029,0.488424354,0.498767315,0.528105587,0.550496249,0.559939186,0.563047831,0.562577019,0.558715579,0.552177596,0.543381504,0.532592131,0.522519136,0.514150237,0.508667947,0.506937936,0.504503472,0.497712861,0.488595662,0.479813284,0.470702644,0.461110964,0.452767659,0.446581237,0.441382398,0.436542549,0.434616967,0.436087011,0.439618308,0.440941765,0.444293315,0.448679872,0.451406179,0.455050719,0.457379921,0.455225239,0.458494597,0.462653293,0.458003237,0.521169306,0.580523562,0.632872922,0.591747055,0.503767739,0.472998731,0.452676615,0.445897425,0.460528698,0.48768885,0.508949563,0.519784802,0.520874251,0.513665986,0.501503988,0.487465071,0.475358662,0.468207042,0.462666364,0.460461872,0.464268089,0.466113957,0.456790683,0.44248313,0.433488439,0.432388028,0.4422749
-46.04472914,0.525558202,0.522241006,0.519873781,0.525211502,0.534608207,0.532720097,0.525098352,0.525213979,0.53301882,0.541364603,0.547079386,0.554090107,0.567267986,0.586303429,0.60257922,0.608066051,0.602958851,0.59208215,0.584823478,0.584594379,0.580879664,0.578238346,0.588139345,0.6051949,0.619700134,0.638391767,0.666608529,0.672792199,0.647793471,0.621097527,0.600478293,0.581957189,0.559966981,0.537017766,0.521452802,0.506434376,0.486728467,0.470903445,0.458203074,0.445778816,0.433594802,0.42567814,0.4232007,0.421759965,0.419574369,0.419140891,0.420181448,0.420173467,0.423937763,0.433463718,0.45275156,0.493894444,0.563611108,0.626566608,0.621467985,0.585910085,0.563634133,0.557470965,0.555116308,0.574491296,0.615157542,0.580702714,0.565656814,0.555404942,0.579507177,0.64593022,0.69798581,0.668104671,0.635741872,0.613174352,0.590246418,0.567467365,0.549817711,0.536674414,0.524944151,0.513572099,0.504752202,0.500125768,0.49565124,0.488996071,0.480482649,0.470975408,0.461588473,0.456249926,0.454268341,0.45233863,0.451192582,0.452121456,0.453165544,0.456972954,0.463257712,0.468817653,0.474213027,0.479795901,0.482390115,0.484553695,0.48621688,0.482806576,0.485947785,0.48943652,0.471731643,0.515755448,0.601790879,0.648280612,0.624384681,0.510700672,0.485923889,0.466507623,0.480953003,0.512954104,0.530976968,0.53489762,0.535331877,0.536967267,0.539349719,0.54051737,0.539567994,0.536036788,0.533003547,0.531348664,0.530023969,0.532451644,0.537265487,0.534737365,0.526581192,0.524675928,0.526792083,0.527180704
-43.25419717,0.572346016,0.575186942,0.576408852,0.579004029,0.585465691,0.593788357,0.603867131,0.617009143,0.636390001,0.64772403,0.647414024,0.65026981,0.661359558,0.675183273,0.682169089,0.672957912,0.645658053,0.618831849,0.605611911,0.608202456,0.616407889,0.621195267,0.629082299,0.641386481,0.653384922,0.663227625,0.650500515,0.594690124,0.544000325,0.525516877,0.517592418,0.505711256,0.48579042,0.462105242,0.445774596,0.437600214,0.432228828,0.429580079,0.428739038,0.428592497,0.430196882,0.432280106,0.434660356,0.435604686,0.438022776,0.442000118,0.447124334,0.451705408,0.456608872,0.461612185,0.492334778,0.58097933,0.712180762,0.871251752,0.875837229,0.750683016,0.661793265,0.628351887,0.606449145,0.606765894,0.621558615,0.65651494,0.601748866,0.627621566,0.677293007,0.711858876,0.588851319,0.45748156,0.452724132,0.473874492,0.482661365,0.484233415,0.487026365,0.490568992,0.490088318,0.488322257,0.489288327,0.48972286,0.487546529,0.482320903,0.478911976,0.477104635,0.4744219,0.473755011,0.477451472,0.479707976,0.481245901,0.484705557,0.485688231,0.484604102,0.489071153,0.494915783,0.499003616,0.501213612,0.501811794,0.504537459,0.506265635,0.501221272,0.504134528,0.501821425,0.46261449,0.478443411,0.646269168,0.698523586,0.631151671,0.530998983,0.474277606,0.482040343,0.548383534,0.644808527,0.687030953,0.65232157,0.619766777,0.604435179,0.59766507,0.597859403,0.603483602,0.608182963,0.614099327,0.622244951,0.618732412,0.608845586,0.608689918,0.604186311,0.586411994,0.572999878,0.570376677,0.570060203
-40.46365068,0.558699847,0.564749864,0.570801119,0.591866627,0.640878747,0.724103295,0.793521557,0.792587913,0.74266499,0.69033439,0.652576033,0.637631404,0.654743053,0.671586663,0.65304391,0.602120379,0.551707014,0.524537688,0.504409631,0.502785065,0.520313313,0.534640772,0.538906839,0.52969346,0.504974789,0.472000416,0.438232795,0.419778288,0.420212178,0.428479301,0.427454476,0.421196871,0.417371573,0.416011561,0.418670721,0.428219333,0.440611027,0.451287341,0.462022409,0.47027013,0.474530464,0.475696968,0.474289761,0.471199371,0.474684848,0.482010851,0.478522438,0.467244548,0.457179488,0.457446885,0.483586753,0.538845838,0.66392506,0.768559797,0.914598945,0.887080214,0.732143474,0.64779049,0.619255832,0.607364901,0.615248815,0.622333013,0.656884251,0.620440591,0.548514847,0.479361965,0.42988816,0.382739634,0.384495858,0.419083697,0.442992974,0.459074799,0.475545657,0.488050823,0.494671456,0.502727229,0.510248482,0.514553535,0.513878712,0.510134047,0.508180669,0.507559463,0.507212626,0.505535361,0.50737444,0.508764816,0.510147439,0.508736654,0.503532173,0.502335351,0.506986095,0.507979639,0.507375954,0.510390711,0.508113246,0.510580779,0.510514228,0.497343733,0.492194566,0.480215022,0.431557398,0.436513195,0.680465267,0.714513863,0.622733742,0.527271472,0.486206698,0.504510215,0.635932766,0.833137019,0.780005739,0.719459661,0.70387681,0.693904673,0.686334252,0.681769461,0.676279052,0.666916059,0.655519011,0.633812528,0.598370852,0.580119255,0.582071349,0.570283524,0.539270968,0.522564038,0.528398486,0.543808514
-37.67309213,0.527728295,0.558354478,0.62370018,0.716807885,0.792173012,0.766851848,0.653746207,0.602002733,0.588928328,0.563744303,0.523485023,0.453439409,0.399378935,0.410826573,0.408062105,0.390774607,0.383800395,0.388468155,0.389509675,0.390188442,0.395366276,0.396880213,0.395457869,0.390165968,0.380801438,0.368509388,0.363611978,0.373457113,0.392185071,0.404733122,0.407114014,0.415847591,0.432762384,0.452641895,0.469740105,0.485176598,0.497262643,0.502961878,0.510158814,0.508275428,0.486550829,0.469350659,0.478373099,0.492283913,0.491704078,0.498480883,0.482835242,0.458991599,0.465812802,0.486341818,0.618217707,0.697882841,0.713755472,0.729426293,0.817106931,0.81035026,0.725799549,0.657230905,0.630776122,0.611566756,0.607526303,0.618157898,0.609381436,0.662735715,0.493915175,0.422289439,0.418129368,0.434466802,0.461066979,0.483918408,0.502074467,0.516043164,0.529016619,0.540773576,0.548350877,0.552370462,0.552480953,0.549209897,0.543604137,0.538508174,0.533975902,0.532429858,0.52900662,0.522177023,0.516874205,0.512476274,0.508613825,0.503478785,0.500176816,0.501969159,0.502637332,0.501329607,0.500069215,0.498295586,0.492236717,0.489253194,0.482743511,0.465767487,0.453082757,0.429144125,0.385635118,0.403579918,0.664912871,0.814709985,0.65732548,0.594650129,0.603694722,0.607597349,0.612090314,0.683247485,0.555499425,0.517493164,0.531981749,0.557388224,0.573516097,0.572578784,0.561495733,0.548823157,0.532430867,0.509532609,0.491377972,0.490532024,0.491447413,0.478132074,0.466021262,0.468897413,0.48706581,0.510385987
-34.8825235,0.54586908,0.6256786,0.692311663,0.670204635,0.598712919,0.542688335,0.478783689,0.431303486,0.414176747,0.49467939,0.531715911,0.504116228,0.387179877,0.355546986,0.351198269,0.365187972,0.372913626,0.386901334,0.400187365,0.406730576,0.415298715,0.423450485,0.432478383,0.44537483,0.450733603,0.448732617,0.450861477,0.461127201,0.470746354,0.477015609,0.48496956,0.497972874,0.509952326,0.52116715,0.52863419,0.527637481,0.521015701,0.513670252,0.505305665,0.481612965,0.478117122,0.51144434,0.634086531,0.506592888,0.492114026,0.491728387,0.482861615,0.484825817,0.527199692,0.680584794,0.703351417,0.781974298,0.828326983,0.823138463,0.775254595,0.702527668,0.625911002,0.603118418,0.607885478,0.600084031,0.593841378,0.600966626,0.551683943,0.506113223,0.46882522,0.442566514,0.49303657,0.525126009,0.543356507,0.557323461,0.567852592,0.572654417,0.574811118,0.577538113,0.580270933,0.575148185,0.570515375,0.559773611,0.54945771,0.540410457,0.534145467,0.529557789,0.519973631,0.508138748,0.498239629,0.487217304,0.477928476,0.473520821,0.474385024,0.477689836,0.47463114,0.472274327,0.470307144,0.462420249,0.452877783,0.443443973,0.42819452,0.41189231,0.399953816,0.376413804,0.35341393,0.390236968,0.6541429,0.812922046,0.734489921,0.615111997,0.640215253,0.658323748,0.66511514,0.564338998,0.530950549,0.507514056,0.495975741,0.51033792,0.527533274,0.513587923,0.488343722,0.470475609,0.454387042,0.446645587,0.445521784,0.445852247,0.442892849,0.439752649,0.452443709,0.467839932,0.482013511,0.50022259
-32.09194639,0.572595342,0.615824155,0.59317426,0.532343539,0.487162357,0.437837524,0.443454476,0.67591841,0.755952535,0.765358871,0.749620076,0.553824682,0.55306565,0.497687314,0.497362492,0.515624134,0.520805544,0.526248115,0.540342346,0.544925896,0.54940391,0.554075476,0.555366873,0.557295483,0.553367217,0.548081187,0.546247702,0.546190691,0.547533549,0.55143347,0.553235124,0.554726495,0.54934488,0.542657192,0.534485241,0.522185049,0.506521429,0.491667431,0.487339353,0.499529513,0.522418506,0.571439525,0.746754612,0.729576091,0.663158551,0.604735646,0.511165568,0.548969148,0.763224003,0.827719812,0.806951423,0.880874483,0.916913057,0.909961457,0.863152866,0.641962647,0.574670677,0.569048863,0.567596661,0.561323232,0.554868541,0.541314196,0.526729935,0.52723166,0.523009349,0.557808125,0.600238277,0.604408577,0.600125218,0.596275612,0.594529961,0.595371781,0.591964183,0.590235365,0.585643283,0.576790547,0.569547011,0.558429881,0.545697129,0.533115001,0.516731792,0.501389783,0.48727748,0.4729081,0.461008179,0.446494643,0.436979238,0.43207614,0.432754725,0.432115172,0.431545336,0.426352642,0.416860353,0.405669196,0.39770277,0.383243378,0.369240236,0.359998925,0.35696667,0.34149619,0.343696325,0.408040732,0.647156487,0.819829982,0.811856859,0.676741746,0.726309118,0.756866089,0.728715053,0.678700995,0.544407659,0.533742628,0.514277377,0.522397316,0.527130939,0.498049286,0.481250442,0.465936594,0.445409046,0.442459418,0.435752557,0.423608997,0.424219425,0.433463534,0.443979547,0.449810692,0.468161634,0.512209381
-29.30136213,0.569931641,0.554472399,0.514105518,0.487981199,0.438645128,0.410578714,0.62348484,0.866761218,0.948875997,0.963835028,0.962698749,0.795741461,0.587188822,0.602262242,0.596686661,0.595660001,0.600492419,0.614592889,0.635135985,0.624806371,0.615554464,0.611992299,0.601561918,0.593308371,0.585978333,0.577048817,0.570509137,0.562647652,0.558790432,0.55665671,0.549793081,0.543077368,0.530161016,0.514805476,0.502863725,0.485791934,0.468312258,0.464748992,0.489654566,0.510360623,0.531645186,0.747060124,0.867237029,0.87154832,0.863938271,0.816280705,0.809236822,0.848874116,0.93537348,0.963162361,0.967959829,0.972163152,0.974500472,0.935883875,0.874769565,0.614279121,0.570597337,0.574032317,0.575668211,0.569277045,0.565766891,0.568808572,0.580390184,0.593406295,0.612117192,0.629188846,0.625149493,0.607048244,0.587867177,0.5752817,0.573818215,0.577565403,0.579902494,0.580822836,0.576394588,0.566694389,0.55357132,0.537592968,0.520668406,0.500332026,0.47621383,0.455468236,0.437825048,0.421542332,0.406488909,0.394711954,0.383138093,0.378462834,0.377083146,0.371971933,0.372292535,0.369776384,0.361145821,0.354953002,0.343616542,0.334102971,0.331981404,0.325465139,0.329913545,0.33239227,0.358460954,0.466450841,0.693339102,0.948477974,0.947810169,0.834680127,0.816734592,0.825965263,0.837602052,0.790492398,0.717882933,0.570885741,0.538845975,0.53470081,0.543378798,0.51799544,0.494244216,0.478074558,0.450949769,0.437951179,0.429135548,0.421364602,0.423591293,0.430832444,0.441782301,0.462063505,0.4995535,0.545290529
-26.51077183,0.532852557,0.493397901,0.478161566,0.453034368,0.416788436,0.482599859,0.782084376,0.986915144,1.020012437,1.025937837,1.041534034,0.911112229,0.609413771,0.60176414,0.604174019,0.5975671,0.606714066,0.593845597,0.602377503,0.602130378,0.580244194,0.572992815,0.564247588,0.55939719,0.560810131,0.55946897,0.555994271,0.551218864,0.549021343,0.549577924,0.547851674,0.537874217,0.52155256,0.509907837,0.504656664,0.498678381,0.493538433,0.493704697,0.495601614,0.489062714,0.529940906,0.866681687,0.989609575,0.981151559,1.010885056,1.012456601,0.988143797,0.99110379,1.000589933,1.02963581,1.027018618,1.007455214,0.989358231,0.920917598,0.801957374,0.595940333,0.594491387,0.599888138,0.599969137,0.59972325,0.596132144,0.596923466,0.597287273,0.597974939,0.598184454,0.594552985,0.587199463,0.572136959,0.56157609,0.557289612,0.556667397,0.560007389,0.56163966,0.554269397,0.540808801,0.522648569,0.498362825,0.471666972,0.449017536,0.426968757,0.399289267,0.372984833,0.355222303,0.340255681,0.326001677,0.315456539,0.305590421,0.303570767,0.306120056,0.309652844,0.313059593,0.314830746,0.314892504,0.309168548,0.300824348,0.302759081,0.3017174,0.304977196,0.325997686,0.364139847,0.431037693,0.528549659,0.663716371,1.012108297,0.987954738,0.902443322,0.903170295,0.912765415,0.968601491,0.910542759,0.826565462,0.806990133,0.590818731,0.530060295,0.51584007,0.514658246,0.489173525,0.466349707,0.454661686,0.447110574,0.442239308,0.446877163,0.457349283,0.476154663,0.504927043,0.536367985,0.560987815,0.562964722
-23.72017644,0.452391468,0.432247403,0.430258342,0.460183925,0.507779389,0.726266142,1.068981214,1.056343543,1.014074929,0.99928441,1.069246961,0.9972676,0.850464374,0.608542643,0.601546461,0.619484794,0.74580409,0.613627506,0.57126606,0.557536049,0.557440465,0.556032156,0.554445017,0.557510731,0.560769815,0.561251452,0.561173342,0.562718836,0.56640094,0.567001185,0.558320766,0.544097652,0.53228827,0.528887048,0.524817928,0.513062576,0.500767201,0.48581849,0.47769745,0.478856249,0.528323082,0.938564271,1.113021806,1.081108033,1.074840934,1.084493753,1.014583856,1.000333543,1.030118594,1.042193401,1.004500174,0.971919146,0.912118432,0.795245101,0.597196138,0.57768759,0.588265613,0.586237062,0.578659348,0.57544856,0.568857832,0.563844198,0.562522071,0.557512841,0.55409529,0.549067117,0.544802196,0.538686592,0.53819725,0.537399323,0.53516222,0.530038233,0.515588909,0.494796623,0.467688758,0.436096138,0.410737043,0.391500846,0.375476422,0.358394127,0.342903008,0.326816711,0.311509078,0.294265038,0.282828292,0.27822291,0.278885395,0.280834071,0.283675433,0.284066691,0.281612482,0.279124883,0.282107878,0.286560413,0.289645574,0.300987768,0.315915036,0.339137038,0.364193602,0.406152942,0.453006665,0.492333907,0.627082093,0.980253324,1.075947492,0.947258128,1.01213655,1.00558545,1.034857629,0.961803633,0.95537316,0.951954967,0.874488133,0.590191058,0.482759426,0.461041523,0.475028888,0.466051901,0.478375713,0.494039288,0.506449098,0.52410311,0.539471218,0.551243999,0.552660655,0.54198136,0.512845769,0.479481858
-20.92957676,0.418415157,0.443203407,0.47522423,0.519973356,0.571873965,0.848889894,1.039732885,1.054035577,1.06344971,1.026297791,1.020721797,1.04522788,0.906238807,0.621566917,0.603031319,0.61132853,0.781026253,0.754064287,0.577093398,0.578972978,0.576786602,0.574230365,0.575493692,0.573524583,0.573753223,0.574554774,0.57361159,0.570689573,0.564460772,0.553557835,0.542313703,0.533028865,0.528809306,0.521883803,0.50889457,0.499753842,0.493375243,0.481049917,0.483812137,0.497490825,0.524585205,0.647838236,1.01013405,1.009342957,1.024442154,1.00508698,0.933585816,0.95000402,0.961639342,0.957492434,0.898530605,0.825602556,0.802182666,0.701310436,0.570218394,0.567544649,0.562322968,0.555245833,0.549789641,0.542605226,0.534107032,0.52541588,0.521658097,0.517670298,0.513267321,0.511341646,0.509057302,0.505722722,0.503266656,0.498294623,0.48835051,0.473401707,0.452077562,0.427930012,0.403783746,0.382647972,0.373467203,0.370266231,0.364708927,0.359982184,0.353854631,0.342947383,0.32658674,0.303600603,0.281729486,0.26441073,0.261953196,0.26340588,0.276852739,0.289412645,0.299208726,0.309420786,0.313495662,0.32055546,0.334510259,0.359033106,0.381098328,0.401621587,0.399068882,0.441195953,0.491991794,0.440378442,0.573755196,0.995780448,1.05772291,0.935567309,1.108200121,1.119418981,1.10021067,1.021218891,1.079529242,1.049152156,0.992548379,0.92590018,0.541704422,0.452233598,0.483141213,0.491725726,0.498876751,0.505204485,0.510163217,0.511803515,0.501881922,0.487086587,0.463898457,0.441085325,0.421047302,0.409932924
-18.13897349,0.476268181,0.500624787,0.534314987,0.561810464,0.604136593,0.920009639,1.018730489,1.017767858,1.019623404,0.954373469,0.963389213,0.989348324,0.922861022,0.798438001,0.607959643,0.595663946,0.750850334,0.768319736,0.58386415,0.582908858,0.577303877,0.569577787,0.569532288,0.56505189,0.564127419,0.561480414,0.554188811,0.544804536,0.534470885,0.525349696,0.518548352,0.511134379,0.503740633,0.494950503,0.493862796,0.495102732,0.494533583,0.498848543,0.506643248,0.522071853,0.534712368,0.551772143,0.573571412,0.569287457,0.828226354,0.89843236,0.889841426,0.89444901,0.853234759,0.794166246,0.741051799,0.679530706,0.651693255,0.569724833,0.559491766,0.54940313,0.538470656,0.529811702,0.522605547,0.515956615,0.51099137,0.503029163,0.495696372,0.488307625,0.482896748,0.47930078,0.476115448,0.474841618,0.469542332,0.462478361,0.453369051,0.439092182,0.422821803,0.40604158,0.396178283,0.388483107,0.38738797,0.388175302,0.385428951,0.379618101,0.366364727,0.342583461,0.311376709,0.282471823,0.272006561,0.274143057,0.292653681,0.31807153,0.34797035,0.376190644,0.397958747,0.420511865,0.432403209,0.443530888,0.456217224,0.470532712,0.480425684,0.487670275,0.503501764,0.535194876,0.563610099,0.55785899,0.807577399,0.856513887,0.917010567,1.051690918,1.199541626,1.145926738,1.158253256,1.062819882,1.0851378,1.074034155,1.042569592,0.999448334,0.764226812,0.454587429,0.427954458,0.436639693,0.432975064,0.427295688,0.419249823,0.418040342,0.411526026,0.409563567,0.41202367,0.420534385,0.437555816,0.452392018
-15.34836726,0.511692382,0.520965799,0.544893148,0.574022777,0.615802507,0.954602523,1.041904997,0.999460351,0.991906349,0.949766986,0.928708817,0.915876307,0.891017699,0.842971741,0.597458674,0.598044563,0.612279373,0.706754383,0.588260843,0.578977014,0.573214438,0.567829154,0.563820852,0.558956971,0.556276621,0.547801635,0.539920152,0.530655632,0.522141706,0.515104291,0.508164937,0.503135984,0.496022891,0.494780066,0.49868439,0.496648729,0.49814776,0.510766214,0.522730393,0.539065443,0.556319597,0.55928326,0.565250259,0.569499586,0.604716978,0.804478248,0.823129015,0.790694941,0.722452815,0.556667489,0.531617254,0.604196723,0.570556746,0.565062806,0.554898262,0.544632906,0.532613734,0.521857384,0.512755,0.506811346,0.501829544,0.496399724,0.491229688,0.484849942,0.478947201,0.475649039,0.471597119,0.469917881,0.468097881,0.46303774,0.453811747,0.442293521,0.431771225,0.421842477,0.415762051,0.409185083,0.405740701,0.400869251,0.393598104,0.379500662,0.35854076,0.338338423,0.327285322,0.327047623,0.343336027,0.366425522,0.394214586,0.424644692,0.452206537,0.479256795,0.496817836,0.516037522,0.53077603,0.543952074,0.556681524,0.566116022,0.580615569,0.595806588,0.646576561,0.661170041,0.676684506,0.859598085,0.8126918,0.834643618,1.015499979,1.241588066,1.152072843,1.124886273,1.110249128,1.098469513,1.041202884,1.024503339,1.042434655,0.956328268,0.699842273,0.410005392,0.383623307,0.383302086,0.365228953,0.388051464,0.399439982,0.419140479,0.436655288,0.453082252,0.470476159,0.48364381,0.499153367,0.504249972
-12.55775862,0.525904259,0.512203785,0.536792244,0.580685927,0.60208676,0.889979665,0.957024144,0.959815535,0.971797602,0.904623781,0.924853798,0.919967901,0.916299373,0.840508382,0.588138702,0.595278719,0.602074834,0.597521601,0.592153884,0.586596145,0.581548983,0.576951857,0.572341016,0.569899214,0.564965708,0.556907504,0.550414378,0.542089373,0.537565128,0.530180509,0.524581215,0.521960582,0.515682796,0.516615981,0.514356954,0.516411236,0.526280909,0.530682326,0.537649154,0.546949999,0.544730554,0.547874148,0.5556872,0.55956804,0.557048266,0.559930701,0.56678103,0.658794744,0.544546816,0.526291045,0.519198362,0.581335983,0.58157265,0.569335295,0.555457687,0.54767954,0.533200632,0.522575596,0.513149492,0.507669357,0.503413197,0.498498129,0.494175876,0.488578004,0.486311914,0.48741682,0.486471297,0.482339112,0.478871522,0.475120848,0.465544579,0.454406259,0.444681248,0.436386285,0.428841227,0.419903593,0.415396318,0.411717011,0.406729154,0.402944081,0.399642846,0.399657798,0.406073962,0.420730828,0.439076588,0.459514789,0.47981333,0.503451357,0.522711405,0.541800557,0.554015667,0.562105885,0.573628102,0.582733421,0.596098295,0.609708367,0.637351256,0.672372481,0.717315115,0.753368778,0.758274673,0.842635729,0.849151146,1.037230632,1.279828563,1.190450663,1.140953971,1.153110786,1.124712717,1.127325415,1.10480165,1.033253978,1.034113136,0.917825694,0.721322086,0.43146452,0.402879594,0.447495617,0.433202374,0.447397602,0.453398176,0.464601487,0.47719788,0.488844989,0.500545118,0.508610661,0.520746286,0.517576044
-9.767148064,0.536896955,0.522103408,0.55240188,0.573452023,0.58791662,0.80297697,0.936040736,1.016256948,1.006061995,0.916062338,0.914451257,0.93988548,0.891169607,0.810102126,0.653733594,0.5951225,0.608320331,0.611690548,0.61350853,0.604385415,0.600841779,0.597183433,0.592840862,0.589584621,0.586124186,0.579683943,0.571700226,0.566046397,0.562533721,0.552254284,0.545437621,0.533849129,0.523499241,0.518491249,0.509910864,0.510453272,0.4985517,0.500205024,0.532389083,0.542196975,0.541213429,0.539915978,0.534224448,0.535615649,0.541737033,0.537451426,0.529820646,0.528876086,0.515334262,0.526010301,0.541011023,0.614459603,0.573753866,0.571804478,0.551791773,0.539992344,0.530001953,0.523174649,0.518163125,0.51190153,0.507491719,0.503938085,0.501372354,0.497820279,0.497473579,0.501095278,0.499787049,0.495404024,0.489337679,0.48669315,0.478592108,0.472241074,0.464658636,0.459505616,0.455782508,0.452916768,0.455448559,0.45955905,0.462449694,0.469818352,0.477979479,0.484936124,0.491267344,0.501132934,0.511106447,0.523723387,0.535407923,0.549516831,0.562834876,0.574472536,0.58209873,0.586358239,0.595028613,0.602716909,0.617162885,0.63663864,0.662789882,0.693022445,0.71255145,0.707135344,0.743526029,0.897856837,1.085698372,1.251620011,1.218199456,1.187348944,1.21986365,1.264870634,1.179106681,1.16492957,1.143169655,1.086148865,0.993605768,0.893659935,0.817746483,0.695865985,0.430827536,0.496372296,0.479918775,0.479425993,0.481158344,0.485679379,0.493419228,0.503090669,0.508825175,0.516121365,0.52288042,0.524413988
-6.976536058,0.569785834,0.571814569,0.590143129,0.580029588,0.58556976,0.891529561,1.014694392,1.023017654,0.982058876,0.959254872,0.917767444,0.854628895,0.796019499,0.722821943,0.585441841,0.603039438,0.616441875,0.615287205,0.617940769,0.614663889,0.623825898,0.619649957,0.613201825,0.604689046,0.598011815,0.592150352,0.58632017,0.584931492,0.580537872,0.577824866,0.573029049,0.562678795,0.556250064,0.543133095,0.527697152,0.501576043,0.474299897,0.523772647,0.764363308,0.537797025,0.527412876,0.513441565,0.503366047,0.507916803,0.512857419,0.538724293,0.526197525,0.516604331,0.521873712,0.539664129,0.718958531,0.711388844,0.624397523,0.532996392,0.508485539,0.497148758,0.493302867,0.489042762,0.489250717,0.486319573,0.485815279,0.487461815,0.487823053,0.489049321,0.491010083,0.495387925,0.500031376,0.498542298,0.498457629,0.497625257,0.492422611,0.4930024,0.48941666,0.488543834,0.490294485,0.49102531,0.49209623,0.496936216,0.504418208,0.516497189,0.528674781,0.540678909,0.551460485,0.561203614,0.569151143,0.578937936,0.584847696,0.591589781,0.597292135,0.599750174,0.603617209,0.606279533,0.61073865,0.61835402,0.630642561,0.645677867,0.675209417,0.718524549,0.716091095,0.664041789,0.87874411,1.179830168,1.309134958,1.236939386,1.268007119,1.210107174,1.199899288,1.208276763,1.239450537,1.249417904,1.181703785,1.060301851,0.987001922,0.930475474,0.850931104,0.741736163,0.474828454,0.52507363,0.521304656,0.516798481,0.518113728,0.51889895,0.525451472,0.536653821,0.54114729,0.554398692,0.559502131,0.562781947
-4.185923038,0.598741493,0.601985626,0.614435706,0.623651929,0.899854291,1.014771172,1.057967741,1.015398982,0.954475658,0.956677307,0.876858384,0.811170524,0.751062326,0.677998698,0.599998904,0.619713986,0.636821323,0.626485196,0.618921379,0.613797897,0.619351784,0.612840908,0.604301755,0.593695433,0.58706049,0.582206194,0.578959264,0.580199337,0.579361553,0.578605455,0.572482375,0.565069869,0.550594998,0.525787347,0.502906655,0.471470942,0.483048656,0.784292905,0.752673866,0.512252678,0.511268536,0.510896473,0.52902726,0.718685813,0.505640714,0.517473488,0.517314242,0.526528997,0.669184489,0.629028361,0.679164193,0.708436005,0.599437369,0.506175922,0.487380678,0.48347163,0.48708466,0.491139562,0.495388017,0.501619249,0.506792129,0.511461585,0.516689642,0.524145123,0.530344708,0.537041662,0.543997527,0.549747077,0.555145983,0.561378133,0.563000543,0.567485161,0.574391583,0.581147795,0.586551334,0.591906346,0.595249824,0.597867108,0.603514699,0.608036514,0.613019234,0.619103787,0.622569084,0.627149286,0.630054058,0.634272654,0.636667581,0.641971407,0.64449453,0.647769071,0.64891044,0.648712484,0.649323966,0.65236739,0.654540923,0.66220014,0.685558432,0.714252657,0.73996767,0.741756389,0.959493557,1.310693019,1.284587596,1.305177201,1.301735433,1.243141998,1.228014916,1.160588467,1.124120223,1.106323844,1.036818116,0.925869267,0.885379328,0.878978667,0.747637161,0.515700225,0.529992367,0.546581926,0.547981566,0.554277974,0.562718377,0.567401777,0.573127202,0.579229047,0.580538698,0.587537402,0.588791281,0.597616681
-1.395309415,0.607196528,0.616330146,0.615054803,0.603797828,0.851573225,0.954251191,1.0420392,1.009859773,0.958596239,0.960484441,0.830781444,0.826727277,0.754188583,0.652204337,0.638471574,0.621589437,0.651522221,0.645503256,0.633219438,0.615961844,0.604157783,0.594303292,0.583417234,0.580448572,0.577942741,0.572917136,0.569904902,0.569411294,0.569834635,0.565969297,0.558172207,0.546143266,0.524164479,0.506564772,0.480307671,0.449003959,0.696253689,0.800030369,0.763855804,0.77480667,0.767080718,0.730198765,0.712345604,0.678313337,0.510381584,0.507883367,0.516427427,0.662383236,0.663093055,0.641886693,0.510841205,0.528838293,0.527201251,0.527155065,0.547842684,0.554624169,0.56807738,0.580969377,0.592074674,0.602897345,0.611387788,0.620265384,0.62750681,0.636831781,0.646333059,0.655737699,0.665472526,0.674936194,0.682062222,0.690224312,0.696551633,0.699241294,0.702200737,0.706165237,0.708800134,0.710821897,0.714001909,0.714737412,0.715885845,0.717002127,0.71889276,0.720477239,0.719832825,0.721964849,0.719638216,0.715249412,0.71379588,0.709601959,0.70575217,0.704912459,0.69957249,0.696525489,0.689183755,0.683544008,0.67520405,0.666745897,0.658817494,0.64663137,0.651550841,0.681512842,0.781658466,1.109183941,1.193276086,1.254188862,1.400596265,1.225172889,1.183372748,1.153712086,1.043382609,0.997590311,0.955016599,0.771965194,0.545116469,0.543734533,0.541584437,0.54707136,0.559427691,0.561018362,0.564259926,0.576878793,0.583050445,0.588211354,0.595910291,0.603513231,0.610353423,0.614138129,0.609749417,0.610739797
1.395309415,0.576414402,0.576422566,0.587632436,0.579585974,0.799591984,0.986369892,1.028440365,0.986919272,0.935107184,0.95234134,0.879500345,0.814727139,0.75624236,0.570865193,0.664284831,0.638918077,0.626633755,0.638591926,0.635856399,0.626318153,0.622431533,0.616739911,0.601820692,0.591181025,0.584544706,0.58028295,0.580843751,0.577970398,0.576624788,0.574937799,0.57254122,0.566588347,0.547513781,0.523628216,0.479345178,0.623095211,0.698499277,0.749002127,0.770014981,0.80847646,0.756346888,0.686292606,0.533736574,0.524383488,0.519229367,0.512701016,0.521790329,0.540247129,0.544063391,0.534366953,0.535891807,0.535757833,0.532851548,0.53427779,0.558538858,0.566456071,0.580663866,0.590406352,0.600650886,0.610030758,0.62018966,0.628850631,0.636615248,0.643454431,0.650788185,0.657394462,0.661591777,0.665547791,0.668023488,0.670557205,0.674063139,0.676052338,0.678146798,0.679890111,0.682347048,0.684194843,0.687989961,0.690921517,0.694992242,0.699249504,0.703702382,0.706932525,0.709067898,0.705142613,0.701228474,0.695908274,0.688336706,0.681302501,0.675048153,0.666781672,0.655103054,0.647515708,0.638957246,0.631932903,0.624786373,0.605370749,0.59856968,0.593871833,0.607813423,0.618338655,0.704613047,0.980798026,1.209289112,1.261014514,1.383670419,1.109365845,1.063279824,1.119751232,0.996585301,0.929358001,0.797419873,0.557444501,0.53575187,0.541949804,0.55185938,0.568856593,0.576603047,0.578857488,0.582311364,0.587873415,0.585407992,0.587549694,0.590466391,0.591224001,0.58544418,0.587077323,0.588120402,0.585925771
4.185923038,0.518537023,0.546373879,0.580989375,0.756257725,0.838626877,0.964069219,0.994307514,0.989558572,0.953835097,0.944440594,0.911794712,0.886213993,0.785211688,0.584785639,0.596187137,0.631954414,0.626886017,0.652883517,0.637298098,0.62718153,0.62930883,0.633937192,0.624843063,0.617878346,0.612044953,0.604797106,0.599879607,0.598148999,0.592632172,0.582770802,0.583414665,0.586322051,0.576141684,0.547635922,0.521847982,0.745243977,0.721862431,0.556773622,0.549114175,0.543903502,0.537151097,0.696948876,0.551131582,0.52763083,0.534014245,0.526397179,0.517501833,0.52649978,0.528448892,0.528804444,0.529527013,0.526106711,0.527219506,0.527587166,0.529851651,0.533176736,0.536199107,0.537922927,0.540736562,0.546446163,0.552854483,0.558152072,0.564787932,0.567221891,0.570027409,0.57318224,0.575050766,0.576303682,0.576316753,0.576776833,0.576934749,0.576778713,0.57818904,0.578507257,0.578216926,0.577703551,0.577391388,0.57742143,0.57863669,0.578492075,0.577575218,0.580036789,0.57936325,0.575538136,0.5762064,0.573442024,0.57341556,0.573118716,0.570500285,0.563886028,0.562226145,0.560565116,0.557397718,0.556618367,0.545066154,0.545204439,0.559435488,0.580470129,0.594900281,0.613706624,0.593120001,0.831883599,1.134463046,1.319898096,1.258125521,1.015409532,0.947712933,0.932929569,0.793255903,0.747623356,0.553611636,0.540207776,0.555669725,0.563099521,0.567644957,0.570785754,0.571706463,0.574579816,0.569959115,0.567112593,0.563170109,0.563723663,0.556272768,0.537413174,0.527354581,0.523040171,0.509758635,0.509768496
6.976536058,0.923827506,0.925988976,0.867356464,0.845684335,0.882044152,0.958250778,0.989594806,1.034973853,0.993240126,0.920037158,0.879467505,0.871101404,0.881684565,0.792247589,0.772890857,0.708831093,0.698344755,0.656184569,0.633650164,0.644491273,0.627447827,0.624085957,0.611823697,0.59948562,0.594089603,0.596281483,0.596806921,0.600598002,0.619030127,0.604545257,0.585266313,0.574555508,0.577169582,0.562637699,0.535265555,0.77151415,0.551399529,0.532844072,0.544871821,0.545081702,0.552569519,0.548499895,0.536986714,0.529744921,0.689167106,0.65163872,0.517648878,0.515218405,0.517003272,0.516032385,0.513255304,0.519781683,0.525583978,0.5297851,0.533773221,0.534510696,0.535396915,0.536574886,0.535367423,0.53573224,0.538088869,0.54036427,0.544189567,0.544210161,0.5429278,0.543204004,0.544248688,0.543996748,0.543877176,0.543811266,0.54413861,0.544003627,0.542803137,0.541685113,0.540406467,0.538890052,0.537426521,0.536785272,0.534798046,0.532655793,0.532353675,0.533209851,0.533584391,0.535467227,0.537975993,0.542948806,0.547332841,0.556910394,0.563007882,0.572332118,0.574761904,0.575166761,0.569714146,0.559623675,0.574872715,0.590333609,0.581549717,0.616747984,0.659644224,0.65474475,0.640912367,0.805451245,0.923611294,1.197422169,1.170586655,0.884611351,0.835076591,0.715323531,0.548611441,0.552891635,0.549321764,0.550507715,0.552358445,0.550416855,0.564366747,0.56407793,0.564711887,0.567777555,0.568724683,0.564232498,0.552783804,0.54473537,0.494834509,0.503516074,0.809427532,0.87346074,0.849668787,0.851151994
9.767148064,1.014580921,0.999450719,0.880249883,0.82345402,0.846432589,0.948894619,0.97831311,0.973207057,0.944090087,0.902976283,0.895906807,0.856132467,0.861643606,0.808932182,0.838762089,0.903365591,0.797875687,0.704203145,0.679745175,0.651563546,0.646837353,0.622623298,0.611714857,0.584842329,0.573412899,0.573296079,0.567423059,0.570096254,0.707880617,0.539224551,0.544199795,0.548795087,0.564223508,0.562922984,0.531759943,0.803653674,0.570268158,0.537521463,0.528124025,0.51058798,0.534959264,0.536103064,0.530569359,0.535326328,0.669110003,0.517934118,0.509094132,0.516364545,0.519647801,0.528963185,0.539105942,0.545241086,0.544854759,0.545997229,0.548461597,0.551422279,0.555460485,0.557452436,0.561113304,0.563136489,0.564918099,0.56755052,0.569744509,0.569538296,0.5686718,0.570066716,0.572438756,0.57270753,0.57279839,0.571435121,0.57090239,0.568986027,0.565174214,0.562136753,0.558633892,0.5572193,0.553890821,0.549973608,0.545066154,0.541574622,0.538542206,0.538698012,0.538920324,0.541066842,0.54475124,0.550425524,0.562634397,0.581213567,0.587728112,0.597512016,0.591959734,0.595733249,0.593482937,0.604402431,0.60355451,0.590142624,0.593107984,0.621015289,0.868044267,0.776061374,0.783019396,0.833158759,0.88271682,0.901372815,0.804287539,0.697775148,0.707124749,0.54402656,0.538888493,0.549550634,0.552488704,0.546928534,0.552261714,0.564533148,0.570132671,0.568062611,0.572321248,0.575650966,0.575125619,0.564703172,0.552558833,0.518912756,0.464442379,0.758333794,0.924235252,1.039371188,1.047793153,1.007111312
12.55775862,1.009161604,0.925499221,0.877757354,0.847431362,0.843040999,0.882813138,0.894121895,0.954502444,0.919735453,0.856236766,0.851734122,0.87044057,0.828830131,0.819242349,0.880613415,1.004084722,0.879782878,0.896462792,0.799685825,0.68941845,0.682641598,0.657304932,0.624155535,0.588649647,0.563002011,0.552755597,0.533916689,0.733349973,0.787985191,0.516818524,0.516506408,0.520319505,0.524694595,0.526786808,0.505358319,0.827275556,0.859307387,0.791316514,0.712871822,0.517645347,0.519180428,0.526036674,0.525183295,0.532954471,0.639276243,0.505667683,0.513491513,0.528600295,0.533751297,0.543086725,0.547524651,0.550499093,0.553301445,0.558558351,0.562183949,0.565045331,0.568674827,0.572498657,0.578239951,0.582550783,0.585641265,0.588724041,0.591747376,0.59391169,0.59411859,0.595770584,0.598949174,0.600867051,0.601871512,0.602366128,0.601710202,0.600294142,0.59904751,0.596137739,0.592577409,0.589387811,0.585877107,0.583493096,0.580449764,0.575886074,0.574361083,0.574090612,0.57277298,0.570088686,0.565001438,0.571903411,0.577450739,0.581860274,0.589013271,0.593036754,0.603085028,0.619024164,0.618739842,0.641099683,0.634709067,0.624167965,0.64014783,0.810310907,0.608433849,0.464970615,0.51369268,0.529223703,0.523890752,0.514316088,0.51130422,0.527736734,0.516739406,0.510366494,0.527698528,0.526235869,0.523059251,0.529941135,0.541459132,0.543367653,0.550891428,0.551369946,0.555326328,0.549260166,0.541168985,0.52103946,0.503435396,0.462294301,0.496274419,0.977749787,1.130983485,1.215875071,1.265833723,1.112694875
15.34836726,0.994673982,0.939748066,0.928044405,0.922335676,0.918167761,0.924324966,0.916959473,0.903594828,0.914169641,0.917525548,0.904215851,0.887971386,0.87190589,0.911169836,0.96573011,0.993884724,0.952559753,0.946170192,0.849769049,0.683196162,0.695040539,0.67802452,0.598580505,0.572335879,0.553857155,0.534851617,0.528998273,0.775528047,0.825045471,0.553587969,0.507177585,0.509474726,0.528448984,0.515114061,0.490387409,0.731646564,0.789318784,0.785999478,0.724930943,0.537926917,0.515768015,0.515189831,0.499329309,0.59356444,0.504868059,0.499018339,0.508754221,0.512606716,0.5220264,0.532226994,0.538703241,0.547242668,0.550875238,0.553185634,0.556586536,0.560707254,0.564340053,0.568262356,0.57436943,0.57967078,0.585576044,0.592238506,0.598609217,0.603567077,0.607768887,0.61201592,0.614931837,0.619425903,0.623723021,0.627077598,0.629012079,0.629671399,0.631926436,0.635567445,0.638818411,0.639839291,0.639004167,0.638268297,0.634117765,0.627648444,0.618968071,0.606292238,0.589607508,0.567872176,0.549039735,0.533087711,0.525990349,0.537978653,0.550690811,0.560356381,0.575050629,0.59017895,0.6260852,0.914075341,0.980223695,0.984819629,1.022921061,0.714551794,0.54797464,0.517197146,0.490276322,0.469988606,0.472508471,0.467454659,0.465126283,0.47922501,0.478571789,0.481997229,0.490293568,0.484834302,0.491129334,0.498291687,0.496906357,0.499276379,0.504537413,0.509404322,0.518743511,0.520674414,0.523435717,0.509736665,0.478098179,0.450256462,0.590646918,0.819465257,1.004170215,1.144954659,1.170447957,1.050937711
18.13897349,1.004022986,0.951137822,0.944900444,0.968257498,0.985725936,1.002333658,0.977979666,0.939408017,0.940881501,0.973879724,0.933260353,0.921584669,0.930727002,0.938270913,0.657213613,0.972253507,1.073222056,1.043876675,0.944137237,0.78179056,0.595450991,0.599123418,0.572360784,0.566879228,0.52988628,0.532196034,0.730380668,0.865306447,0.922630042,0.865588522,0.567450716,0.523553042,0.524049814,0.526864918,0.66981262,0.70645809,0.705571275,0.742861479,0.702288845,0.546267103,0.5192645,0.511113694,0.501296079,0.505751526,0.495087642,0.487525293,0.490315537,0.491361873,0.50064295,0.507544236,0.51488042,0.525055421,0.531235192,0.536464166,0.539685778,0.5442885,0.547673853,0.552159984,0.558872211,0.565308922,0.573399048,0.58122618,0.587935196,0.594232521,0.600177459,0.603820761,0.606008604,0.609269432,0.613529949,0.618442495,0.622940505,0.624925622,0.62691826,0.631044758,0.638163264,0.641939898,0.642664164,0.643464476,0.640480907,0.635770355,0.629700432,0.616115907,0.595758705,0.575428792,0.547777601,0.51659181,0.485738729,0.464588324,0.475462778,0.485412027,0.502879962,0.585909305,0.908661345,0.938265868,0.987510757,0.961265903,0.757355706,0.526542711,0.521181827,0.516952086,0.506802219,0.510618206,0.545262093,0.641332864,0.479948038,0.487069479,0.498985911,0.500408989,0.502055249,0.492323954,0.478362183,0.466591924,0.459256382,0.453684424,0.454054056,0.458431486,0.468626622,0.473577557,0.484413162,0.485230995,0.465347265,0.444081048,0.478773048,0.734479463,0.911894791,1.019708347,1.073927013,1.050148452
20.92957676,1.031070033,1.02335119,1.0016975,0.981884953,0.963397927,0.961036665,0.959523187,0.954307881,0.952014134,0.949217147,0.937365156,0.931321148,0.93173504,0.90064465,0.676741196,0.999854063,1.115647071,1.14254056,1.097445881,0.968467655,0.797032215,0.569064044,0.534855515,0.533205861,0.504715785,0.558275038,0.82755176,0.907606433,0.905116747,0.942788142,0.89479071,0.61703547,0.56737201,0.753501697,0.801722358,0.774396538,0.70918692,0.721893161,0.74048655,0.68995219,0.531141993,0.524440866,0.50762528,0.494605776,0.494674712,0.496126135,0.487366827,0.485834038,0.486973207,0.487900429,0.490886153,0.492408943,0.498254536,0.503474061,0.505202925,0.509068539,0.514319436,0.519140754,0.521683324,0.527782233,0.536637538,0.545220125,0.550518448,0.554893584,0.559552538,0.563399163,0.564346016,0.563819889,0.565636312,0.568558328,0.575273949,0.584324138,0.58936841,0.595002974,0.593853257,0.594706681,0.597506695,0.599865618,0.601497155,0.602610134,0.607303533,0.61921414,0.633372355,0.639072048,0.630937937,0.616689918,0.569816564,0.508995704,0.483603219,0.471489563,0.537039689,0.938808001,0.92336894,0.856590115,0.742307925,0.524837742,0.515048427,0.518341085,0.513107479,0.498740759,0.501459865,0.503139287,0.508499069,0.492174844,0.490141981,0.514469967,0.537544993,0.553069823,0.565626083,0.569545406,0.556754588,0.540727802,0.522660861,0.499689584,0.482869504,0.466426303,0.45318889,0.44426974,0.442007273,0.446414424,0.449995577,0.426465931,0.471125848,0.809479911,0.988700057,1.024281532,1.054558355,1.04511129
23.72017644,1.020621076,1.008397022,0.996163427,0.987693853,0.971147225,0.945930406,0.91351743,0.919466221,0.918592937,0.926336914,0.940890766,0.947590747,0.946275592,0.706498589,1.030548081,1.102404154,1.109401254,1.092839856,1.0389051,0.980106278,0.974223901,0.571341418,0.504168698,0.508877966,0.520554429,0.748048807,0.832162279,0.964771515,0.969463859,0.953285441,0.938401447,0.875630374,0.791720316,0.806427727,0.827155755,0.793908114,0.697134266,0.649819087,0.69007057,0.709436063,0.656110541,0.619062921,0.532411787,0.505845734,0.489278879,0.484514021,0.496323954,0.49503352,0.488016515,0.482567524,0.480090772,0.476753532,0.47844309,0.478049378,0.476778208,0.478383602,0.477679333,0.480807975,0.485801061,0.49090028,0.496945343,0.503090119,0.506555369,0.508549659,0.511938819,0.516194796,0.516000279,0.514324756,0.51117364,0.509387077,0.515248814,0.524017158,0.529851651,0.533805281,0.532558924,0.534177665,0.539260694,0.5408959,0.547874561,0.559750632,0.574348286,0.592454901,0.610978299,0.623972623,0.628121457,0.628927181,0.593400057,0.563889972,0.563985144,0.579423838,0.838854371,0.880079905,0.888026884,0.822163449,0.54430758,0.528479026,0.545935631,0.533312682,0.541996633,0.545685296,0.530640863,0.530242611,0.563143644,0.558323794,0.56304251,0.577957739,0.584964332,0.597050239,0.610010256,0.625198202,0.640447104,0.650064469,0.648014728,0.630596145,0.607869333,0.57328576,0.532568419,0.50216308,0.475824246,0.452134436,0.446076209,0.425157151,0.473400515,0.798196472,0.922606651,0.988355054,1.0362425,1.018173587
26.51077183,1.03983168,1.011999962,0.989369972,0.976424816,0.959401551,0.940798301,0.922511984,0.924989011,0.928513979,0.917925131,0.927277621,0.949633241,0.981391621,1.014842722,1.095621982,1.115877868,1.121613199,1.131253726,0.746957889,0.719997253,0.984350514,0.953441844,0.909087989,0.912097884,0.897249574,0.931701742,0.927314772,0.998624952,1.024336204,0.916860862,0.843676056,0.86252056,0.843246569,0.753641312,0.808250617,0.816461049,0.747922997,0.742422957,0.763942949,0.759873645,0.743463605,0.716530902,0.697876282,0.667019808,0.531044987,0.481571411,0.485569163,0.504948233,0.506432724,0.503070075,0.493471515,0.485752076,0.481368317,0.478687371,0.476773255,0.475442643,0.471612254,0.470265543,0.473460095,0.478490515,0.4841415,0.491491398,0.497187606,0.501073034,0.504927823,0.509241315,0.513140181,0.51437608,0.511260143,0.505178387,0.504478338,0.506936514,0.510393555,0.520462973,0.530826115,0.539451679,0.547330639,0.560416328,0.576010324,0.581672454,0.583769391,0.589913662,0.610506294,0.62889535,0.637995991,0.633823582,0.594306961,0.60458328,0.832135677,0.783042145,0.801280578,0.783610605,0.867931529,0.785269937,0.541285713,0.540653775,0.553245214,0.557764048,0.613485459,0.699533046,0.551627207,0.544086094,0.573904076,0.589520134,0.597976819,0.599943498,0.600151132,0.605439548,0.610439238,0.619234872,0.631895522,0.645419321,0.665631542,0.690674484,0.707611109,0.704021241,0.672675929,0.624408348,0.57013368,0.519107639,0.481115046,0.440617311,0.477598884,0.688811141,0.826356406,0.983921118,1.052608784,1.040215577
29.30136213,1.02979524,0.999725914,0.981786433,0.973234393,0.945617601,0.901286954,0.848890536,0.848246764,0.855336145,0.84307971,0.85473778,0.876823068,0.928606169,1.006817037,1.067221528,1.067436639,1.098198446,1.097255997,1.041388915,1.021305852,1.0574268,1.052707946,1.058361086,1.033384695,1.026815799,1.045336491,1.052579614,1.017318373,0.977548069,0.879418704,1.11650366,1.078799242,1.089579809,1.051653308,1.11624351,0.942167211,0.818568031,0.865340388,0.91926276,0.899133465,0.887106083,0.840903103,0.78260376,0.742878679,0.568687624,0.522513219,0.50847343,0.50107762,0.508203969,0.51745693,0.529268972,0.527074937,0.519401364,0.511769987,0.50518091,0.499269821,0.494905004,0.493894306,0.495046821,0.49556327,0.498085612,0.502652055,0.506842764,0.516278593,0.525358594,0.53119006,0.535342885,0.54280754,0.547417188,0.547429388,0.546710671,0.548670103,0.554765389,0.560407934,0.56747851,0.573320526,0.577051431,0.580739773,0.585905406,0.593061981,0.600855814,0.600772889,0.613617507,0.639872544,0.650036445,0.624385782,0.607395173,0.645928661,0.787783749,0.726075936,0.764253689,0.831843971,0.853316033,0.809298741,0.677985764,0.562618435,0.570215092,0.578527346,0.620174661,0.699296975,0.558994764,0.565309977,0.554748327,0.558828638,0.575666698,0.586134781,0.593867475,0.600008765,0.606148541,0.612694183,0.620537185,0.630627655,0.637461288,0.639308578,0.646962521,0.662407132,0.686540648,0.693005796,0.661594941,0.602113591,0.543322796,0.491196848,0.453074272,0.462683747,0.602867441,0.952284191,1.060723632,1.041280764
32.09194639,1.039672251,1.020840957,0.992632221,0.945435055,0.90745425,0.850375395,0.642404105,0.61939132,0.601554396,0.557461104,0.560947637,0.571146947,0.608981532,0.895980193,0.999336238,1.006659076,1.025120967,1.052489717,1.08996288,1.096473251,1.078450479,1.039869749,1.031415678,1.033230678,1.021523256,0.999980469,1.02276209,1.003683855,1.310924274,1.201665579,1.091330505,1.061237329,0.976708633,0.934377184,1.049700252,0.945758409,0.928566449,1.022757687,0.998202069,0.942313614,0.954330447,0.900911222,0.805091107,0.623952946,0.568955664,0.554687647,0.674790708,0.557448629,0.535927811,0.524628686,0.520509297,0.535606797,0.537920358,0.537269614,0.534010117,0.530004613,0.524847374,0.521765011,0.521564944,0.520505491,0.524376333,0.528660104,0.529090325,0.533388957,0.5388568,0.543064709,0.547750724,0.557443308,0.567104658,0.572185577,0.573324791,0.572357757,0.573401295,0.573441153,0.573718916,0.571663441,0.566584036,0.56022548,0.560709777,0.570720212,0.584110357,0.58851049,0.611715591,0.646170511,0.637838855,0.626942202,0.649850001,0.778319621,0.806623391,0.785384969,0.847250101,0.879377791,0.836838387,0.806560646,0.768547827,0.731368801,0.712873336,0.735674267,0.730145606,0.722396125,0.588754405,0.553139677,0.55163927,0.529251452,0.536553512,0.54677658,0.558239217,0.568623504,0.581488303,0.591249273,0.601247554,0.61043167,0.615776959,0.621538113,0.626018374,0.630607703,0.63841259,0.651876488,0.672852053,0.669981682,0.626664164,0.57417528,0.518159089,0.439665321,0.502253114,0.823806544,1.002730947,1.039305875
34.8825235,0.977649249,1.009343233,0.990680724,0.898528312,0.708331431,0.690401858,0.70094085,0.735466357,0.785387996,0.755219416,0.667680091,0.611276931,0.618037775,0.859076866,0.942212159,0.941553435,0.976828068,1.022553585,0.984245481,0.986373561,1.019133557,0.999875895,0.967924604,1.000819078,1.145921693,1.101822393,1.117266408,1.235970151,1.162763788,1.076294696,1.074987613,1.082565097,0.986542989,0.965582973,0.950746129,0.961014375,1.072284376,1.250306599,1.178682881,1.045113766,0.983412375,0.921765472,0.851651472,0.617058495,0.579554923,0.610437174,0.645218567,0.758679805,0.77216315,0.742876111,0.573326718,0.543235238,0.541019692,0.551466264,0.554545417,0.552318175,0.550655724,0.546116205,0.543323438,0.543741,0.546987242,0.548012801,0.547867773,0.548905028,0.550178858,0.551887816,0.55569463,0.562690674,0.573012583,0.579388017,0.584437518,0.590429606,0.59484992,0.597745472,0.594427496,0.589921046,0.580725555,0.569373226,0.560064858,0.558358147,0.568198603,0.583946341,0.611983355,0.643967899,0.663650921,0.675282435,0.752944886,0.801661081,0.841358184,0.810742596,0.868913515,0.842208076,0.819727334,0.801742355,0.780637311,0.766842399,0.76677117,0.779572399,0.775303855,0.78806885,0.776960435,0.597881235,0.547911621,0.532025918,0.534645909,0.528248596,0.527486858,0.539993812,0.55095509,0.556049677,0.562429285,0.566754198,0.56963966,0.572128566,0.571342289,0.576413438,0.591689814,0.605429732,0.614763647,0.639714811,0.652779998,0.617723182,0.575173549,0.496704181,0.436320559,0.558557893,0.870406446,0.971212538
37.67309213,0.70203906,0.686238851,0.715296149,0.718245915,0.703035769,0.719473879,0.791820487,0.822452954,0.84397611,0.931201897,0.923557265,0.9334096,0.908160766,0.928936311,0.945559719,0.950861527,0.996829765,0.97053033,0.880021839,0.913490461,0.971707154,0.968028536,0.929338554,0.936265203,1.004773901,1.249732635,1.2109334,1.075842367,1.045191188,1.039260651,1.086852722,1.07246738,1.033684841,0.995931346,1.01366333,1.040479764,1.043616065,1.046865931,0.999624092,0.972418349,0.968515814,0.894438827,0.837915774,0.711803149,0.705695067,0.835324266,0.679885937,0.672658913,0.688206539,0.791196621,0.779795674,0.601400975,0.561229161,0.565016481,0.578806072,0.579125069,0.578307236,0.577991359,0.576846457,0.576327486,0.576947683,0.577104452,0.576977725,0.577734189,0.579344949,0.582904546,0.58793859,0.592391606,0.599378615,0.609689975,0.621066843,0.631032053,0.636721565,0.635117456,0.633034599,0.630028281,0.620218784,0.606759977,0.594293018,0.584599975,0.586481389,0.595093559,0.612242451,0.672320469,0.720494393,0.815888736,0.824828159,0.853685528,0.72321882,0.846751632,0.948095087,0.909984756,0.832969333,0.806748329,0.79339405,0.804101048,0.804959747,0.799163506,0.801152062,0.812625019,0.808218235,0.820580071,0.614777223,0.566297879,0.572781511,0.580610065,0.582377319,0.589009006,0.588741287,0.590396491,0.590328885,0.583511993,0.570391675,0.554870605,0.545449363,0.546856341,0.554667053,0.565417073,0.567986657,0.567908456,0.584099625,0.599067874,0.564704732,0.502821483,0.487602347,0.596679277,0.902213993,0.935461543
40.46365068,0.900907186,0.716068162,0.709511512,0.721640349,0.734631554,0.765100142,0.934003745,0.937778682,0.929200956,0.880674233,0.833455694,0.852963325,0.8764566,0.878886936,0.954761127,1.057643287,1.002115612,0.865766664,0.704562274,0.895339723,0.939545156,0.963317295,0.959387791,0.950441488,0.977341948,1.125392906,1.158075664,1.074631694,1.099176763,1.097971686,1.10323937,1.109816339,1.100912324,1.094348198,1.083125394,1.051527911,1.008206679,0.976592226,0.915440674,0.893033225,0.897218018,0.913621729,0.878155285,0.824085408,0.913042444,0.907758982,0.915032927,0.68722336,0.676694321,0.696886086,0.820848569,0.677684242,0.592466918,0.575493784,0.613186781,0.635958038,0.6473566,0.657579393,0.664043532,0.665600583,0.664290565,0.663379762,0.664146408,0.666885513,0.670820383,0.673503302,0.675075672,0.677482524,0.681296676,0.686539914,0.695483969,0.70159219,0.699287756,0.694566103,0.693140733,0.691879378,0.683665598,0.669967142,0.653556047,0.645277642,0.640389313,0.6250945,0.632290656,0.706648112,0.847915522,0.874233395,0.866644168,0.887391551,0.837409507,0.909898345,0.986399705,0.952726521,0.870666597,0.835571941,0.844277815,0.834408418,0.828251855,0.842861388,0.84545308,0.853999983,0.879759028,0.888348678,0.751916989,0.717514677,0.695420445,0.68599723,0.691364672,0.699198638,0.706663935,0.719169468,0.739892909,0.754574314,0.753292228,0.739623952,0.726571057,0.711073838,0.672805683,0.631326145,0.612265751,0.604054814,0.577999981,0.561362034,0.543923913,0.488160993,0.530377548,0.846029888,0.972911498,1.029100282
43.25419717,0.969775747,0.993312686,0.964648503,0.95510512,0.953465052,0.99022491,0.980046653,0.944919249,0.928345284,0.847375314,0.705066247,0.694499277,0.704250524,0.713306263,0.722320814,0.88100566,0.909911555,0.869728275,0.75216737,0.905761344,0.927632806,0.936177049,0.962476484,0.973427946,0.968528656,0.997083586,1.119025728,1.133619483,1.104203469,1.077274664,1.041061342,1.057873716,1.109167155,1.130185421,1.139214007,1.078867766,1.017796111,0.954918355,0.946353839,0.933085604,0.894659258,0.867421226,0.867502133,0.860510355,0.862919225,0.913799321,0.929627967,0.949946138,0.732197825,0.723487776,0.859430032,0.874271096,0.71985695,0.693750427,0.736003033,0.762122444,0.780963875,0.796619974,0.800629193,0.78964434,0.776409679,0.766038281,0.758416077,0.755795077,0.7540242,0.748730235,0.745382125,0.747462229,0.752085729,0.757180545,0.763340685,0.768371381,0.76709645,0.763682936,0.759196804,0.754461209,0.752039175,0.743085488,0.721492524,0.704526315,0.702516614,0.678146156,0.663219278,0.716446967,0.870899962,0.887029945,0.887291472,0.989950725,1.004102517,0.986214223,0.91830334,0.893821658,0.871191118,0.890637656,0.911174973,0.8939643,0.881378548,0.805284202,0.940419541,0.916480267,0.950733011,0.974135839,0.973157063,0.981127893,0.878282517,0.859657435,0.857585219,0.884837561,0.915062006,0.923063657,0.91941265,0.951856998,1.002450341,0.977743274,0.923894195,0.87548553,0.811777236,0.734985638,0.682275957,0.647430856,0.621443034,0.577728318,0.536507646,0.505266266,0.491966201,0.71110998,0.815633172,0.899968589
46.04472914,0.825750886,0.935728206,0.947741645,0.934682008,0.937894722,0.95473113,0.911459066,0.883986018,0.925618748,0.919325505,0.863200841,0.744392387,0.859735682,0.760807289,0.871781043,0.891956205,0.884724823,0.877356303,0.775914329,0.902494967,0.931018709,0.965321446,1.012335791,1.053061113,1.060900307,1.050765255,1.066991741,1.105890871,1.100078118,1.111599967,1.165875231,1.182516893,1.125672962,1.0971195,1.087924605,1.020883795,0.893257417,0.901654798,0.902946837,0.920665428,0.914361911,0.893013319,0.877992553,0.876627129,0.855319083,0.921326445,0.976976398,1.019207401,1.002674074,0.786870286,0.792872556,0.848560761,0.810965962,0.856482056,0.866261739,0.876030874,0.901044325,0.918301139,0.909261637,0.881489177,0.853091474,0.83233767,0.819827505,0.813453905,0.807753156,0.802623437,0.800857879,0.803293627,0.80907776,0.813336397,0.818356406,0.824101736,0.826911107,0.827590379,0.82720052,0.820851596,0.813611683,0.801132799,0.779017423,0.767255467,0.762337142,0.725783313,0.688081325,0.715491491,0.910827035,0.959579785,1.003803473,1.118510105,1.03579907,0.97057693,0.924885813,0.945992049,0.962253117,0.988193882,1.01195694,0.99100261,0.99563276,0.874784885,0.899960058,1.042045071,1.039355227,1.076869119,1.099872731,1.102024661,1.119292391,1.097605494,0.98946996,0.977434505,0.976110911,0.953524585,0.924105269,0.968451969,1.044958006,1.037139359,0.965900547,0.897135918,0.839839109,0.774759337,0.715435306,0.665757536,0.615979961,0.587434846,0.55639312,0.522368604,0.447871029,0.42213345,0.472511544,0.578442953
48.83524347,0.822226377,0.881521558,0.91538857,0.882389705,0.888830728,0.899242625,0.903587123,0.908251122,0.923044577,0.918692832,0.8983354,0.866771767,0.856699368,0.869033408,0.873599988,0.869478123,0.896425825,0.90477945,0.921405609,0.946938444,1.002668478,1.054262429,1.105757034,1.149097714,1.173316953,1.181066984,1.187163004,1.194023056,1.187659364,1.17075168,1.117955496,1.099526903,0.998504141,1.012277908,1.035106955,1.041875092,1.003785768,0.93834384,0.929065377,0.947083746,0.937392584,0.941684428,0.933313465,0.951623082,0.95756747,0.987989137,1.024185214,1.08150358,1.093090834,1.090898083,1.0345695,0.965189719,1.003794483,0.980436053,0.962062499,0.96217432,0.975781778,1.000934752,0.989252372,0.942739524,0.908354228,0.883899331,0.867145665,0.855926438,0.85056005,0.850109006,0.845481241,0.838795663,0.83790816,0.842212938,0.845233016,0.848084766,0.850902026,0.853472068,0.85727113,0.855683441,0.84617886,0.835601662,0.821917333,0.808454536,0.785118305,0.747995419,0.728966076,0.767571023,0.943983128,1.055926898,1.22533718,1.09510269,1.023195889,0.973531144,0.987249231,1.018863867,1.046982155,1.071534746,1.068883796,1.082954956,1.091401139,0.948179388,1.144665888,1.148120681,1.194912302,1.194630136,1.183667665,1.167101315,1.170350446,1.15968592,0.990751908,0.979228407,1.034813965,0.93567858,0.888314371,0.844179846,0.824760277,0.805939715,0.767731553,0.725455326,0.695491721,0.667833558,0.643207903,0.619104613,0.592334916,0.550832445,0.529328231,0.523406547,0.433532746,0.423386915,0.508993273,0.579274729
51.62573618,0.720659234,0.760390415,0.805867798,0.851105578,0.838424517,0.845703324,0.842699757,0.85655113,0.870396631,0.887187449,0.900962041,0.896439217,0.894043556,0.873444595,0.875567997,0.883346373,0.905752079,0.933881467,0.969121058,1.012559249,1.052082979,1.08841757,1.113571737,1.156726935,1.183871493,1.218821763,1.241787398,1.243983543,1.230024845,1.174389753,1.086157305,1.009320024,0.977317364,0.97710152,0.980957731,0.987549651,0.947007518,0.900211586,0.906894321,0.964306436,0.977394235,0.943677112,0.963519655,0.980537875,1.011824387,1.084857652,1.099825948,1.049022631,1.050070297,1.120428578,1.200438944,1.207997441,1.084366155,1.045479225,1.010720398,0.978088459,1.119473653,1.04316071,1.045579487,0.970916795,0.925980353,0.911130759,0.900201128,0.889119774,0.878373331,0.869925864,0.85854941,0.850802497,0.854618896,0.858595551,0.859471587,0.861794321,0.867469202,0.872677994,0.874069287,0.872843937,0.869429413,0.862118868,0.846256557,0.820868016,0.790130242,0.782489554,0.812597775,0.984867054,1.116278368,1.159758113,1.096621948,1.06996953,1.031809573,1.025201599,1.088369686,1.128094859,1.119175617,1.1057674,1.167152042,1.197069094,1.209037401,1.233863719,1.235786137,1.285582975,1.319673996,1.301099,1.240426194,1.198632292,1.193238935,1.189004974,1.180441008,1.182720262,1.145793727,0.953758226,0.839671149,0.732297032,0.664119302,0.63229006,0.612723491,0.600304599,0.594487305,0.593021252,0.596513197,0.598557755,0.585638559,0.519656011,0.42989403,0.465116514,0.39814542,0.508145673,0.543945928,0.68262871
54.41620203,0.575182951,0.574997424,0.60256858,0.719749762,0.748917138,0.697039966,0.706756676,0.802519688,0.84820255,0.890452908,0.904281439,0.900674004,0.924046744,0.942009066,0.9571977,0.977451109,0.999064346,1.010156891,1.034348427,1.066283665,1.057548161,1.101979437,1.139533416,1.18999439,1.217213617,1.246942436,1.274032414,1.307581485,1.29627924,1.239975058,1.176070275,1.115343715,1.092369824,1.048443255,1.033865919,1.037426938,1.044843525,1.010008928,1.021579671,1.064281165,1.074272932,1.063466864,1.04141726,1.042577939,1.080548012,1.139057696,1.167173691,1.109487756,1.150515517,1.21995474,1.317353279,1.288876046,1.120715056,1.039515482,1.031056549,1.03180095,1.168124947,1.226570969,1.132697306,1.036424954,0.966649168,0.942426169,0.930048464,0.913727312,0.897589347,0.88337481,0.870525881,0.86625064,0.867480485,0.868076465,0.864897324,0.871864244,0.879201667,0.880612315,0.865894171,0.856118065,0.856367299,0.848603141,0.832898425,0.82524728,0.843803196,0.975345686,1.100241491,1.125468493,1.1257735,1.08481674,1.030754477,1.051126402,1.047057283,1.053253382,1.06567897,1.091967398,1.114004801,1.151050128,1.195740638,1.255534472,1.305960405,1.331112003,1.423362843,1.565209538,1.54846798,1.375129386,1.306255872,1.25477521,1.232680566,1.244944707,1.235343624,1.224872101,1.086727875,0.949182197,0.790056398,0.646489691,0.561982919,0.532647308,0.526249445,0.531102044,0.537938888,0.540404081,0.534394748,0.507059159,0.460395366,0.388262951,0.34861348,0.378157827,0.321249203,0.550940459,0.618906886,0.63875374
57.20663403,0.5372842,0.544701796,0.582309208,0.688777338,0.681112846,0.777656127,0.713178481,0.729877567,0.827231158,0.870368469,0.908468893,0.913890777,0.929350112,0.94550578,0.949795148,0.964346982,1.000598097,1.056437017,1.077428589,1.091862457,1.09189126,1.094779428,1.131247672,1.149008459,1.186684441,1.22024351,1.234920558,1.255737198,1.258638667,1.272617271,1.254037505,1.215371923,1.181348875,1.147057146,1.131203366,1.143276247,1.142942252,1.123289135,1.111178644,1.102238029,1.106648757,1.118142536,1.1257025,1.112316115,1.11701167,1.142107403,1.161281774,1.176353634,1.216478022,1.272177051,1.26245736,1.158376269,1.135293859,1.163000272,1.175359539,1.208178702,1.312208699,1.367604464,1.25955158,1.157377679,1.091673214,1.011815306,0.974143361,0.956052157,0.9458395,0.937561278,0.929571644,0.916075364,0.899395909,0.884698955,0.887945151,0.901989251,1.050031311,0.883847503,0.897083723,0.894056674,0.882387137,0.865040701,0.851700824,0.855946619,0.996173151,1.160945761,1.182770898,1.145270674,1.066931932,1.043630834,1.045962834,1.052106279,1.067083747,1.149849271,1.182991696,1.178246606,1.243947952,1.281266639,1.371655237,1.483796596,1.558631102,1.632149718,1.685039927,1.68009578,1.626369713,1.49789546,1.442568769,1.381834045,1.353996455,1.334733564,1.307016602,1.225997739,1.081631362,0.90183505,0.699591295,0.5452964,0.474754197,0.469696991,0.509481331,0.537493577,0.498146201,0.461845688,0.419462456,0.375112546,0.343615968,0.312974214,0.297136006,0.296150625,0.268399883,0.299555517,0.535500113,0.574969309
59.99702261,0.441440601,0.512309139,0.623315091,0.727709125,0.823423749,0.853347038,0.846115565,0.762677053,0.787672845,0.914954405,0.971414164,1.00084513,1.001906097,0.996366613,0.986447955,0.997539125,1.034873774,1.06589243,1.108099491,1.137216919,1.157557931,1.202730307,1.223190203,1.252566956,1.278846761,1.312512147,1.312054682,1.303084621,1.314009206,1.321500188,1.345864087,1.370767459,1.31319463,1.284503662,1.280282359,1.258484191,1.252320565,1.259842185,1.25028495,1.226906156,1.213486198,1.202781401,1.202841394,1.225318742,1.245214948,1.251619369,1.270107496,1.281105558,1.312812843,1.315890803,1.318818232,1.33345079,1.3460237,1.402720585,1.424526366,1.482355952,1.46403918,1.526561202,1.539084026,1.490711412,1.307582861,1.197260263,1.121612282,1.078269034,1.048138431,1.005794689,0.973606089,0.945779691,0.918817312,0.919691972,1.264580945,1.347157593,1.374446812,1.390139786,1.309685531,1.373298791,1.314355401,1.295845075,0.804981488,0.771426454,1.133605448,1.146726912,1.09723976,1.063821498,0.996490725,1.007883875,1.038861161,1.070736589,1.117852022,1.212466143,1.246796308,1.280857241,1.318844192,1.3702356,1.429946416,1.483461868,1.590696782,1.66572108,1.707246851,1.72922096,1.739440955,1.634155887,1.565887251,1.438085849,1.218936519,1.03199643,1.135827094,1.098669488,0.994202207,0.831455121,0.647862912,0.517158619,0.442668474,0.42339641,0.419541024,0.478289715,0.504244973,0.427321373,0.372976783,0.32248595,0.28123347,0.251244982,0.226438387,0.207897652,0.192908901,0.201215353,0.253054892,0.327835161
62.7873543,0.455747466,0.456647903,0.487348068,0.641397214,0.735972257,0.789542793,0.84636003,0.793472022,0.905076018,0.958332603,1.014848593,1.062185008,1.078980045,1.101415564,1.117811477,1.157141929,1.199308353,1.230849053,1.255040497,1.28105217,1.294219592,1.309119456,1.328926682,1.361220223,1.385593754,1.414598169,1.422300684,1.407281661,1.386059292,1.391713074,1.39971922,1.390926109,1.363421322,1.35743327,1.328590669,1.335338717,1.313836751,1.329367177,1.327232492,1.32390227,1.318962526,1.317460055,1.319046644,1.321978935,1.319381556,1.331435356,1.341130739,1.355946393,1.356856278,1.370297335,1.344040005,1.322294124,1.316541455,1.33512058,1.380913978,1.446507538,1.524527514,1.544357856,1.571989417,1.610213219,1.658783423,1.695824255,1.702054845,1.656151828,1.261729011,1.138852493,1.073426067,1.020392114,0.986713793,0.963173827,1.380174988,1.420185262,1.410243764,1.397615449,1.331973545,1.280902465,1.219249141,1.182162626,1.137966549,1.101860553,1.106235231,1.124608877,1.143772331,1.114683064,1.101487389,1.132271488,1.146462083,1.208076788,1.229612329,1.264471326,1.322550514,1.360442523,1.407158924,1.454155106,1.490226794,1.525255679,1.526825756,1.622023289,1.701932659,1.774357835,1.850479426,1.877829003,1.624502976,1.484150588,1.163313719,1.03499862,1.120776791,1.066322926,0.975609139,0.869537381,0.741483855,0.709819455,0.680061603,0.622966374,0.561184167,0.453201549,0.385967507,0.351097341,0.369499882,0.362258686,0.405813811,0.411115894,0.361598379,0.292647306,0.240085106,0.268602976,0.365778815,0.416800223
65.57760952,0.626868129,0.588577776,0.486827445,0.478316454,0.524813617,0.735959047,0.821670942,0.902602935,0.949062396,1.011654134,1.059842184,1.100766288,1.135605379,1.173481427,1.200518751,1.230466533,1.272661302,1.311953318,1.343744996,1.367554929,1.381329155,1.41416648,1.437055061,1.456320246,1.471054626,1.486272156,1.495526401,1.492614016,1.493235039,1.488488665,1.465845191,1.441694201,1.434449702,1.40503011,1.396908841,1.392221726,1.371215109,1.364049132,1.360681025,1.359680326,1.377962698,1.396192968,1.397134776,1.391232859,1.376177603,1.392575534,1.338175332,1.312390419,1.309919263,1.334615322,1.319282944,1.346113046,1.359192773,1.399665099,1.455178647,1.494886115,1.525056713,1.557327229,1.595881449,1.63119039,1.672359141,1.738877173,1.820895268,1.901544911,1.973962382,2.02827443,1.989302098,1.891275564,1.536446194,1.641176102,1.557173487,1.489501932,1.430850156,1.367348716,1.315496358,1.264567736,1.258697742,1.250045623,1.248987775,1.219401782,1.205456844,1.200826969,1.193819412,1.21186365,1.262458461,1.301952195,1.329234808,1.349621319,1.36883174,1.390375995,1.420534943,1.448534439,1.489445884,1.524355609,1.531625242,1.526592941,1.532580168,1.568777161,1.618838003,1.684242046,1.862649083,1.832121925,1.605580042,1.498889555,1.425820148,1.35800861,1.237212746,1.154336778,1.026310542,0.992110819,0.942888955,0.850974585,0.905129589,0.913331949,0.843438013,0.722402913,0.619315229,0.432211765,0.566179133,0.734712278,0.657908938,0.682565736,0.766209589,0.674653982,0.383601154,0.39215058,0.477565265,0.576934336
68.36775861,0.78713961,0.756138933,0.669740474,0.569308463,0.521449546,0.553456839,0.825949118,0.920107333,0.999069666,1.082260732,1.134289307,1.159777743,1.199689314,1.230713291,1.220444311,1.280642681,1.338065621,1.377615586,1.494101994,1.55056955,1.583441,1.60358855,1.624664791,1.633545322,1.630929505,1.621717639,1.619333903,1.597719749,1.599548509,1.595394538,1.568162927,1.543579055,1.525042861,1.482596748,1.470288851,1.474049202,1.477588113,1.480715884,1.485191375,1.481336264,1.467949971,1.453960268,1.444228193,1.429146242,1.397619393,1.395654779,1.370029662,1.336732945,1.357609119,1.414156298,1.416436011,1.438289126,1.498960555,1.567155531,1.607981574,1.636914622,1.683240338,1.721739335,1.781036442,1.813637468,1.855084166,1.910617712,1.967327622,2.069623343,2.170187355,2.354150022,2.360754693,2.291503245,2.069123589,1.916958563,1.728261264,1.619219056,1.539545252,1.494627891,1.468278737,1.459454621,1.450348614,1.436335152,1.450918725,1.444452477,1.429162479,1.43264204,1.435505899,1.448662588,1.471306796,1.473918118,1.472421976,1.47961428,1.503445402,1.536736065,1.561073729,1.586770671,1.599968456,1.60545492,1.604968376,1.599666109,1.595285194,1.509181468,1.61639776,1.562929275,1.571864295,1.553082811,1.481165552,1.438405349,1.414678342,1.310898314,1.280963649,1.202946059,1.078586058,1.052910031,0.954471347,0.894074928,0.995704311,1.057229761,1.039439345,0.968240069,0.929364789,0.914628207,0.941365936,1.24749677,1.270327743,1.230728151,1.183315325,1.048141458,0.859640281,0.739646426,0.726856939,0.757798219
71.15775452,0.976325838,0.912042112,0.835349308,0.744561265,0.64401592,0.568604653,0.550850975,0.6077105,0.713202789,1.028836462,1.124200304,1.076514668,1.191943411,1.298812315,1.375765269,1.440847152,1.503692068,1.555877871,1.58762139,1.761761259,1.809932981,1.94601288,1.964066382,1.888939896,1.835511406,1.802878825,1.76813862,1.728783951,1.698078466,1.668466605,1.64546657,1.630599638,1.612526138,1.593246552,1.57957635,1.582209045,1.588595029,1.60467777,1.605401716,1.613752956,1.642207165,1.632073397,1.608700933,1.599186537,1.573327413,1.554001594,1.550666785,1.557994301,1.565133768,1.620108118,1.664938243,1.691421141,1.748785648,1.805424742,1.856078903,1.92553638,2.014966384,2.08863544,2.138523459,2.188421202,2.231872235,2.267487926,2.307313361,2.340681812,2.356402581,2.346766733,2.302239505,2.231397982,2.143711429,2.043110724,1.900673094,1.768513068,1.798657522,1.721271137,1.734372604,1.720023037,1.703953688,1.691324089,1.675304458,1.65128125,1.626248077,1.614484607,1.603667623,1.586691782,1.493481521,1.449575225,1.635833657,1.659281525,1.68574571,1.718592943,1.744898248,1.756652179,1.703093797,1.693295216,1.713027039,1.693474276,1.572534486,1.618638211,1.612190401,1.56649011,1.51481351,1.469747359,1.323590566,1.306707099,1.298314947,1.286600278,1.268196453,1.210931658,1.106794059,1.07102481,0.887226893,0.889071431,0.944391792,1.049559169,1.1386394,1.083489843,1.018073874,0.991138281,0.995056686,1.160250252,1.288086329,1.41408649,1.395140073,1.339796962,1.238721547,1.144027711,1.076762343,1.026105063
73.94751766,1.115196944,1.048379685,0.986977705,0.917489956,0.833829867,0.736400689,0.664534983,0.683948911,0.742276783,0.81903843,0.906279169,1.014396357,1.171098517,1.366967939,1.599439165,1.775047656,1.869223483,1.898891484,1.92335849,1.946573176,2.030068149,2.13328834,2.148095279,2.134260144,2.118299772,2.07595282,2.017211605,1.944737628,1.863191584,1.714246335,1.761960683,1.734083282,1.720312909,1.704557098,1.694138596,1.695460815,1.70648181,1.730042324,1.74917936,1.786176711,1.807367249,1.848304471,1.846000908,1.819036236,1.799408437,1.789820288,1.800559117,1.823411831,1.848429409,1.856846879,1.948233884,2.039069949,2.090122959,2.125443274,2.161029428,2.186204601,2.20672293,2.210285783,2.195359226,2.181373467,2.166420491,2.157048462,2.150965009,2.142990052,2.131465267,2.114736001,2.090407327,2.064537379,2.033771351,2.004274889,1.9807041,1.963940527,1.954329262,1.935145627,1.909343927,1.878338297,1.846303255,1.816107431,1.784102661,1.752617091,1.72204425,1.70049284,1.679289827,1.644980944,1.728666718,1.75229493,1.758145201,1.786667658,1.744968698,1.766842269,1.881051349,1.826132405,1.800726619,1.825084831,1.750366182,1.680979705,1.607603273,1.548001984,1.49233185,1.449950132,1.223636018,1.214347007,1.20255987,1.197355847,1.197775519,1.186900377,1.146442636,1.058860381,0.981933754,0.926821348,0.928415551,0.972733263,1.028023904,1.119439345,1.164543839,1.11002567,1.078654948,1.075593316,1.094567161,1.144564433,1.316213698,1.466672151,1.560282637,1.546188635,1.503455034,1.430819334,1.321237927,1.206236929
76.73690218,1.262780438,1.175317434,1.072491047,0.960162464,0.915466083,0.921858855,0.935751506,0.974706501,1.026629034,1.126913632,1.239736373,1.376423168,1.579732293,1.81762779,2.022370955,2.195874573,2.331942548,2.411227409,2.455933696,2.502545248,2.559125634,2.581600964,2.571606995,2.534671287,2.479723173,2.416989985,2.338012057,2.250239643,2.145279855,2.03162997,1.953861615,1.877719293,1.804765009,1.72576635,1.823555666,1.82073859,1.833436805,1.857543489,1.889836113,1.907894752,1.926960604,1.99448328,2.016638467,2.018603723,2.017678702,2.018527036,2.023493015,2.050077735,2.079636575,2.112008455,2.15354927,2.18926293,2.21986219,2.242445029,2.258252026,2.262550383,2.259602498,2.251176405,2.240068632,2.226227075,2.212934256,2.201253345,2.187260431,2.172864632,2.160328232,2.144932192,2.130550703,2.116005382,2.100936274,2.085102124,2.069803687,2.055142784,2.044458444,2.031931033,2.017532115,2.001871889,1.983371654,1.964556045,1.944081931,1.920541781,1.897460839,1.879226442,1.864769917,1.855067104,1.843657901,1.802129378,1.91011062,1.885225135,1.88869222,1.883905301,1.860790419,1.851547731,1.833400479,1.784134217,1.751753897,1.672178247,1.590142907,1.479084989,1.414086674,1.267652851,1.244368632,1.221490326,1.192863203,1.187015041,1.129694932,1.084867467,1.053021851,1.034827908,1.031940382,1.040458299,1.060817657,1.102027138,1.143883693,1.144853571,1.116866459,1.104905949,1.125400061,1.169988657,1.231207999,1.319160941,1.41915209,1.55174775,1.678340405,1.679682438,1.631731973,1.563502597,1.476093807,1.366924916
79.52560908,1.463175069,1.34226289,1.142264081,1.075163921,1.079108469,1.298191293,1.359590796,1.436662358,1.523708351,1.83380208,1.942075211,2.037105059,2.137287835,2.236548892,2.338087827,2.427772661,2.502678259,2.56163229,2.599476507,2.60520129,2.583899757,2.540160503,2.493416491,2.472603704,2.469821486,2.466120301,2.452926736,2.428305255,2.389003056,2.340048314,2.276850231,2.187564613,2.080305298,1.982826218,1.856928154,1.85780419,2.092539168,2.10647374,2.114045079,2.126335822,2.138992941,2.155860538,2.176902104,2.193721267,2.207634191,2.220765746,2.232715798,2.245831575,2.261149642,2.274646105,2.286269043,2.295481826,2.304084961,2.309969906,2.313969585,2.318662388,2.319347256,2.322326696,2.324082622,2.323292996,2.321441854,2.315156225,2.308383134,2.300484864,2.290255879,2.280180453,2.271712714,2.264766434,2.260809318,2.258205977,2.25583545,2.253206424,2.24950047,2.241957201,2.233036675,2.220072072,2.204341028,2.183869299,2.160169903,2.136576916,2.110512313,2.086909236,2.064943199,2.043126502,2.020456334,1.999789032,1.985737043,1.965625635,1.943573555,1.918919233,1.912402807,1.888767073,1.840487659,1.767631161,1.786485296,1.709560504,1.623299091,1.487123883,1.445165414,1.375561625,1.328749273,1.295332204,1.268092612,1.253890642,1.245423729,1.244029042,1.239925615,1.242295683,1.239132137,1.233968752,1.223782514,1.2196046,1.222473046,1.230426905,1.252252409,1.285997785,1.334227481,1.400046885,1.482513364,1.579891539,1.671429717,1.724143986,1.802347882,1.809360392,1.767506222,1.697591372,1.618774158,1.535849755
82.31291545,1.952542882,1.949981737,1.948889948,1.957765709,1.977772727,2.019957131,2.054695868,2.093156521,2.1376865,2.189898813,2.227887233,2.26331469,2.29629365,2.320824684,2.341490334,2.354734718,2.364480462,2.371526729,2.377936195,2.382440031,2.388581642,2.397248622,2.409165284,2.425866663,2.441850886,2.455003172,2.466531809,2.477156891,2.490928365,2.506012517,2.515228602,2.509053785,2.479844442,2.447781514,2.438272621,2.417440937,2.38674591,2.363556908,2.346303488,2.332807393,2.320286403,2.31518778,2.311157096,2.311368446,2.315732299,2.322666653,2.330643629,2.340020244,2.350001371,2.358218499,2.365872396,2.371899709,2.379476919,2.387084399,2.393446533,2.398218591,2.402402834,2.406099249,2.408661311,2.407384774,2.405392365,2.401386082,2.395760736,2.391489348,2.385632289,2.381701776,2.379308683,2.377090614,2.376791019,2.378280739,2.379049266,2.378964506,2.379062659,2.379376931,2.376015153,2.368590035,2.359053073,2.348529446,2.334387193,2.318419116,2.302625695,2.284957098,2.265284717,2.244324058,2.221366587,2.199509344,2.174891899,2.150670918,2.124288924,2.095875628,2.071046283,2.043833385,2.010965604,1.968740288,1.94115918,1.90124605,1.854755033,1.814286193,1.774859056,1.734329123,1.700850043,1.674718293,1.658617572,1.648537559,1.649355071,1.655535942,1.664010103,1.675463887,1.681865832,1.690308254,1.705164912,1.717865511,1.742828418,1.75994424,1.778536574,1.807076644,1.845341175,1.879067379,1.907231166,1.933640312,1.961997102,1.981563441,1.991526955,1.996447069,1.997563442,1.993674024,1.979471779,1.963239331
85.09652949,2.158141351,2.176689837,2.188837846,2.204301767,2.217226743,2.231402936,2.246147682,2.261809376,2.276624571,2.2939611,2.30888619,2.323104396,2.336028638,2.348298099,2.359859393,2.370563364,2.381629491,2.392237511,2.403011198,2.414783841,2.425943718,2.437287058,2.450049301,2.463123432,2.475174756,2.489006956,2.501651966,2.513678523,2.523655796,2.531515355,2.534671471,2.533875791,2.529120978,2.520873945,2.511996533,2.501639491,2.489232065,2.47611849,2.465630088,2.454330229,2.442195613,2.432135047,2.426009031,2.421531797,2.418697476,2.419024958,2.421112584,2.424261912,2.429137994,2.435196863,2.441031173,2.449260777,2.457298478,2.466234232,2.474051228,2.481860701,2.487548241,2.494525526,2.49948912,2.503380739,2.50553166,2.507553424,2.507717256,2.507854487,2.50774551,2.507329415,2.505583397,2.502957123,2.498457507,2.495150218,2.490691514,2.485869186,2.481011267,2.476668145,2.4706667,2.46599151,2.460267278,2.453562803,2.447497146,2.440574349,2.432078907,2.422446544,2.40953221,2.39643588,2.382804205,2.367283411,2.351129852,2.333552253,2.316958199,2.299921633,2.281819329,2.264414368,2.247121137,2.229466116,2.212647504,2.197791946,2.186655186,2.175571263,2.165467216,2.155919613,2.149329252,2.145618344,2.143300471,2.140656951,2.141520512,2.142085395,2.143359363,2.144136513,2.141936056,2.138897357,2.136164858,2.13290215,2.128731667,2.123096047,2.118522496,2.115763394,2.112033956,2.109402545,2.111773622,2.115089718,2.115675515,2.12033768,2.125669301,2.130909924,2.136081932,2.140107663,2.146186713,2.152027811
87.86380134,2.272275945,2.286000636,2.294318853,2.300862431,2.305559087,2.310972349,2.318064298,2.324272689,2.33106431,2.338231663,2.345182712,2.35148467,2.358183091,2.365095063,2.371193193,2.376217697,2.381321457,2.386314221,2.391084629,2.396912701,2.401954083,2.40640343,2.410190659,2.41357115,2.417052179,2.419263276,2.420939762,2.423009226,2.425016495,2.425510928,2.425861526,2.426806545,2.427089995,2.426532084,2.425879689,2.425003836,2.42471745,2.42455582,2.42460774,2.424505367,2.424078449,2.424354744,2.42465966,2.42536691,2.425996922,2.427536911,2.42846762,2.429930738,2.432377035,2.435664877,2.438862822,2.441839327,2.445132123,2.447569247,2.450058474,2.453242293,2.455789127,2.458898093,2.460610354,2.463166362,2.464459226,2.465691365,2.466954875,2.467478295,2.467500678,2.467098343,2.467535903,2.46783825,2.466817645,2.465751907,2.464597925,2.462756139,2.459906406,2.457322879,2.454755863,2.452132891,2.44841281,2.445701776,2.441940966,2.437930646,2.431275155,2.426633172,2.420272874,2.413346958,2.406384901,2.398954462,2.391410826,2.385344986,2.378799389,2.372888025,2.365588579,2.359315242,2.352533161,2.346005177,2.338937262,2.332640258,2.325341912,2.318831541,2.313289121,2.307247681,2.302410309,2.2970952,2.292274524,2.287437886,2.283315654,2.279605113,2.275756057,2.271570897,2.268622461,2.265630362,2.262409484,2.25975147,2.257047591,2.253535374,2.251729913,2.249818595,2.24780362,2.246604688,2.245950459,2.245977795,2.246457184,2.247960664,2.249553674,2.251413256,2.25494914,2.258336419,2.262628538,2.266056363
