1,-178.75,-176.25,-173.75,-171.25,-168.75,-166.25,-163.75,-161.25,-158.75,-156.25,-153.75,-151.25,-148.75,-146.25,-143.75,-141.25,-138.75,-136.25,-133.75,-131.25,-128.75,-126.25,-123.75,-121.25,-118.75,-116.25,-113.75,-111.25,-108.75,-106.25,-103.75,-101.25,-98.75,-96.25,-93.75,-91.25,-88.75,-86.25,-83.75,-81.25,-78.75,-76.25,-73.75,-71.25,-68.75,-66.25,-63.75,-61.25,-58.75,-56.25,-53.75,-51.25,-48.75,-46.25,-43.75,-41.25,-38.75,-36.25,-33.75,-31.25,-28.75,-26.25,-23.75,-21.25,-18.75,-16.25,-13.75,-11.25,-8.75,-6.25,-3.75,-1.25,1.25,3.75,6.25,8.75,11.25,13.75,16.25,18.75,21.25,23.75,26.25,28.75,31.25,33.75,36.25,38.75,41.25,43.75,46.25,48.75,51.25,53.75,56.25,58.75,61.25,63.75,66.25,68.75,71.25,73.75,76.25,78.75,81.25,83.75,86.25,88.75,91.25,93.75,96.25,98.75,101.25,103.75,106.25,108.75,111.25,113.75,116.25,118.75,121.25,123.75,126.25,128.75,131.25,133.75,136.25,138.75,141.25,143.75,146.25,148.75,151.25,153.75,156.25,158.75,161.25,163.75,166.25,168.75,171.25,173.75,176.25,178.75,2
88.75,2.28,2.27,2.26,2.25,2.24,2.22,2.21,2.2,2.19,2.18,2.17,2.16,2.15,2.14,2.13,2.12,2.12,2.11,2.1,2.1,2.09,2.08,2.08,2.07,2.07,2.07,2.04,2.04,2.03,2.03,2.03,2.03,2.03,2.02,2.02,2.02,2.03,2.04,2.04,2.05,2.05,2.06,2.07,2.09,2.1,2.11,2.13,2.14,2.16,2.17,2.19,2.2,2.22,2.24,2.26,2.28,2.31,2.33,2.35,2.37,2.4,2.42,2.45,2.47,2.5,2.52,2.55,2.58,2.6,2.63,2.65,2.68,2.7,2.72,2.74,2.76,2.78,2.8,2.82,2.84,2.85,2.87,2.88,2.89,2.91,2.92,2.93,2.94,2.94,2.95,2.95,2.95,2.95,2.95,2.94,2.94,2.94,2.93,2.93,2.94,2.93,2.93,2.92,2.9,2.85,2.85,2.83,2.82,2.8,2.79,2.78,2.77,2.75,2.74,2.72,2.7,2.69,2.67,2.65,2.63,2.61,2.6,2.58,2.56,2.55,2.53,2.52,2.5,2.49,2.47,2.45,2.44,2.42,2.41,2.4,2.39,2.37,2.36,2.35,2.34,2.33,2.31,2.3,2.29,88.75
86.25,1.89,1.88,1.87,1.85,1.84,1.83,1.82,1.8,1.79,1.78,1.76,1.74,1.73,1.71,1.68,1.66,1.64,1.62,1.6,1.58,1.56,1.54,1.52,1.51,1.5,1.49,1.49,1.48,1.47,1.46,1.46,1.46,1.45,1.45,1.45,1.44,1.45,1.45,1.45,1.46,1.46,1.47,1.48,1.49,1.49,1.5,1.51,1.52,1.53,1.54,1.56,1.57,1.58,1.59,1.61,1.62,1.64,1.66,1.68,1.71,1.74,1.77,1.82,1.87,1.93,2,2.06,2.14,2.23,2.31,2.41,2.51,2.61,2.72,2.82,2.94,3.06,3.17,3.27,3.36,3.46,3.54,3.61,3.67,3.73,3.78,3.82,3.86,3.9,3.93,3.95,3.98,4.01,4.04,4.07,4.1,4.12,4.15,4.17,4.19,4.17,4.17,4.23,4.23,4.22,4.2,4.17,4.13,4.05,3.97,3.89,3.79,3.69,3.6,3.49,3.39,3.29,3.21,3.13,3.05,2.97,2.9,2.83,2.76,2.7,2.64,2.58,2.51,2.46,2.4,2.35,2.3,2.25,2.2,2.16,2.12,2.08,2.05,2.02,2,1.97,1.95,1.93,1.91,86.25
83.75,1.66,1.65,1.64,1.62,1.61,1.6,1.6,1.59,1.58,1.57,1.57,1.56,1.55,1.54,1.52,1.51,1.49,1.47,1.46,1.44,1.43,1.42,1.42,1.41,1.41,1.41,1.41,1.4,1.4,1.4,1.39,1.38,1.37,1.37,1.39,1.41,1.46,1.51,1.59,1.63,1.64,1.65,1.65,1.66,1.69,1.69,1.69,1.67,1.66,1.64,1.63,1.67,1.72,1.75,1.76,1.75,1.75,1.75,-999,-999,-999,-999,1.83,1.8,1.78,1.77,1.77,1.8,1.87,1.97,2.09,2.23,2.37,2.54,2.71,2.9,3.11,3.33,3.54,3.73,3.9,4.04,4.16,4.26,4.35,4.44,4.51,4.6,4.69,4.79,4.86,4.97,5.05,5.12,5.18,5.25,5.36,5.49,5.67,5.88,6.16,6.22,6.31,6.34,6.33,6.33,6.34,6.3,6.24,6.04,5.81,5.51,5.22,4.91,4.6,4.3,4.03,3.76,3.54,3.31,3.1,2.91,2.73,2.57,2.42,2.32,2.22,2.15,2.09,2.03,1.99,1.95,1.92,1.89,1.87,1.84,1.82,1.79,1.77,1.75,1.73,1.71,1.69,1.68,83.75
81.25,1.64,1.63,1.62,1.62,1.62,1.62,1.62,1.62,1.61,1.61,1.6,1.59,1.58,1.57,1.55,1.54,1.53,1.52,1.51,1.5,1.5,1.49,1.49,1.49,1.49,1.49,1.47,1.46,1.44,1.42,1.39,1.37,1.39,1.51,-999,-999,-999,-999,-999,-999,-999,-999,-999,-999,-999,1.82,1.65,-999,-999,-999,-999,-999,-999,-999,-999,-999,-999,-999,-999,-999,-999,-999,-999,-999,-999,-999,-999,-999,2.12,2.14,2.25,2.43,2.69,3.1,3.73,4.52,5.42,6.23,6.79,7.12,7.09,7.03,6.9,6.79,6.75,6.73,6.75,6.89,7.15,7.43,7.28,7.11,6.93,6.91,6.81,6.78,6.98,7.46,8.2,8.69,8.54,7.98,7.91,7.99,7.75,7.2,6.54,6.08,5.95,6.05,6.22,6.51,6.61,6.43,6.06,5.52,5.01,4.55,4.12,3.71,3.37,3.1,2.89,2.72,2.57,2.43,2.32,2.22,2.15,2.1,2.05,2.01,1.97,1.93,1.89,1.86,1.82,1.79,1.76,1.73,1.71,1.68,1.66,1.65,81.25
78.75,1.88,1.87,1.88,1.88,1.88,1.88,1.88,1.88,1.88,1.88,1.88,1.87,1.86,1.84,1.82,1.8,1.78,1.76,1.74,1.72,1.69,1.67,1.64,1.61,1.59,1.55,1.51,1.47,1.45,1.45,1.46,1.48,1.54,1.79,-999,-999,-999,-999,-999,-999,-999,-999,-999,1.99,1.85,-999,-999,-999,-999,-999,-999,-999,-999,-999,-999,-999,-999,-999,-999,-999,-999,-999,-999,-999,-999,2.88,2.8,2.73,2.71,2.79,2.96,3.38,4.35,5.69,6.67,7.26,-999,-999,-999,-999,-999,-999,7.6,7.51,7.61,7.76,7.76,7.99,8.5,8.91,9.22,9.53,9.74,9.75,9.32,8.52,8.23,8.56,8.83,9.02,8.88,8.42,7.46,6.78,6.16,5.81,5.41,4.96,4.6,4.37,4.01,3.72,-999,-999,-999,4.33,4.28,4.04,3.76,3.52,3.29,3.08,2.92,2.79,2.69,2.62,2.57,2.51,2.43,2.36,2.29,2.21,2.13,2.06,2,1.95,1.92,1.9,1.89,1.89,1.88,1.88,1.88,1.88,78.75
76.25,2.23,2.22,2.21,2.22,2.25,2.28,2.3,2.3,2.29,2.27,2.24,2.21,2.19,2.16,2.14,2.11,2.07,2.03,1.98,1.93,1.88,1.82,1.85,2.06,2.17,2.04,1.73,1.45,-999,1.39,1.37,-999,-999,1.67,1.87,-999,-999,-999,-999,1.58,1.91,1.81,1.66,1.74,-999,-999,-999,-999,-999,-999,-999,-999,-999,-999,-999,-999,-999,-999,-999,-999,-999,-999,-999,-999,-999,2.86,2.99,3.37,4,4.4,4.23,4.53,4.9,5.12,5.25,5.43,6.2,7.38,8.15,8.64,8.54,8.09,8.33,8.19,7.62,7.88,8.23,8.45,8.83,9.32,9.56,9.63,9.29,8.72,8.25,8.1,-999,-999,-999,8.17,6.48,5.42,4.79,4.32,4.06,3.92,3.77,3.52,-999,-999,-999,-999,-999,-999,-999,-999,-999,-999,3.09,2.89,2.83,2.79,2.84,2.86,2.95,2.99,3.06,-999,2.92,-999,2.67,2.59,2.52,2.43,2.34,2.28,2.24,2.22,2.2,2.19,2.19,2.19,2.21,2.22,76.25
73.75,2.61,2.66,2.75,2.87,3.01,3.13,3.21,3.13,2.96,2.83,2.74,2.65,2.57,2.52,2.49,2.46,2.43,2.37,2.3,2.26,2.27,2.29,-999,-999,-999,-999,2.59,2.46,2.17,-999,2.01,-999,-999,-999,-999,-999,-999,-999,-999,-999,-999,1.44,1.46,1.54,1.66,1.81,1.95,2.02,2.11,-999,-999,-999,-999,-999,-999,-999,-999,-999,-999,-999,-999,-999,-999,-999,3.23,3.67,4.93,4.72,5.1,5.71,6.08,6.37,6.37,5.99,5.42,5.11,5.02,5.01,5.32,6.24,6.77,6.86,6.52,6.02,5.79,6.08,6.85,7.87,8.57,9.09,9.17,8.54,8,-999,-999,-999,6.07,5.36,4.61,4.12,3.55,3.22,3.08,3.06,-999,-999,-999,-999,-999,-999,-999,-999,-999,-999,-999,-999,-999,-999,-999,3.18,3.01,-999,-999,3.04,3.07,3.1,3.16,3.19,3.2,3.16,3.12,3.06,2.91,2.9,2.92,2.87,2.82,2.74,2.68,2.61,2.57,2.55,2.54,2.55,73.75
71.25,3.11,3.3,3.22,3.39,3.71,3.87,3.81,3.85,3.78,-999,3.93,3.69,3.84,4,3.92,3.56,3.36,3.19,3.21,3.35,3.43,3.23,-999,2.91,3.02,-999,-999,-999,-999,-999,2.83,2.43,2.25,-999,-999,2.07,-999,-999,-999,-999,-999,-999,-999,-999,2.27,2.09,2.01,1.96,2.09,2.13,2.67,-999,-999,-999,-999,-999,-999,-999,-999,-999,-999,-999,-999,-999,4.14,4.75,5.12,5.63,6.1,6.37,6.55,6.6,6.35,5.65,5.04,4.79,4.61,4.18,4.38,4.22,4.28,4.41,4.43,4.6,5.11,5.85,6.21,6.6,7.58,8.43,8.42,8.05,7.09,-999,-999,5.96,5.61,5.29,4.85,-999,-999,-999,-999,-999,-999,-999,-999,-999,-999,-999,-999,-999,-999,-999,-999,-999,-999,-999,-999,-999,-999,-999,-999,-999,-999,-999,-999,-999,-999,-999,-999,-999,-999,-999,-999,2.86,2.79,2.66,2.56,2.6,2.63,2.73,2.81,2.93,71.25
68.75,-999,3.18,3.37,3.76,3.84,3.84,-999,-999,-999,-999,-999,-999,-999,-999,-999,-999,-999,-999,-999,-999,-999,-999,-999,-999,-999,-999,-999,-999,-999,-999,-999,2.85,-999,-999,-999,-999,-999,3.5,-999,2.92,2.93,3.36,-999,-999,-999,2.7,2.45,2.17,2.22,2.17,-999,-999,-999,-999,-999,-999,-999,-999,-999,-999,-999,-999,4.75,5.04,5.65,5.31,5.69,6.29,6.77,6.95,6.76,6.3,5.68,5.04,4.67,4.56,4.17,4.16,-999,-999,-999,-999,-999,-999,-999,-999,-999,7.01,7.18,6.4,5.93,5.02,4.74,-999,-999,-999,-999,-999,-999,-999,-999,-999,-999,-999,-999,-999,-999,-999,-999,-999,-999,-999,-999,-999,-999,-999,-999,-999,-999,-999,-999,-999,-999,-999,-999,-999,-999,-999,-999,-999,-999,-999,-999,-999,-999,-999,-999,-999,-999,-999,-999,-999,-999,-999,68.75
66.25,-999,-999,-999,-999,3.76,-999,-999,-999,-999,-999,-999,-999,-999,-999,-999,-999,-999,-999,-999,-999,-999,-999,-999,-999,-999,-999,-999,-999,-999,-999,-999,-999,-999,-999,-999,-999,-999,-999,-999,2.83,2.66,2.7,-999,-999,-999,-999,-999,2.37,2.26,2.14,-999,-999,-999,-999,-999,-999,-999,-999,-999,4.53,4.09,3.59,-999,5.22,4.86,-999,5.05,5.54,6.08,6.18,6.25,6.13,5.15,4.29,3.98,3.89,4.22,-999,-999,-999,-999,-999,-999,-999,-999,-999,-999,-999,5.28,-999,-999,-999,-999,-999,-999,-999,-999,-999,-999,-999,-999,-999,-999,-999,-999,-999,-999,-999,-999,-999,-999,-999,-999,-999,-999,-999,-999,-999,-999,-999,-999,-999,-999,-999,-999,-999,-999,-999,-999,-999,-999,-999,-999,-999,-999,-999,-999,-999,-999,-999,-999,-999,-999,-999,66.25
63.75,4.49,5.13,4.65,-999,4.18,4.21,4,-999,-999,-999,-999,-999,-999,-999,-999,-999,-999,-999,-999,-999,-999,-999,-999,-999,-999,-999,-999,-999,-999,-999,-999,-999,-999,-999,-999,-999,2.45,-999,-999,-999,2.81,2.53,2.78,-999,-999,-999,2.93,2.12,0.9,1,1.72,-999,-999,-999,-999,-999,3.52,2.18,1.96,1.53,1.17,1.74,2.1,-999,-999,1.85,0.98,1.47,2.21,2.89,3.83,4.01,3.63,3.6,3.42,-999,-999,-999,-999,-999,5.22,-999,-999,-999,-999,-999,-999,-999,-999,-999,-999,-999,-999,-999,-999,-999,-999,-999,-999,-999,-999,-999,-999,-999,-999,-999,-999,-999,-999,-999,-999,-999,-999,-999,-999,-999,-999,-999,-999,-999,-999,-999,-999,-999,-999,-999,-999,-999,-999,-999,-999,-999,-999,-999,-999,-999,-999,-999,-999,-999,-999,-999,-999,-999,63.75
61.25,5.88,6.24,5.96,5.7,5.26,-999,-999,-999,-999,-999,-999,-999,-999,-999,-999,-999,-999,-999,-999,-999,-999,-999,-999,-999,-999,-999,-999,-999,-999,-999,-999,-999,-999,-999,-999,3.3,3.37,3.54,3.5,3.39,3.14,-999,-999,-999,2.79,2.59,2.1,1.89,1.28,1.08,1.65,2.11,-999,-999,-999,3.53,1.8,1.63,1.51,0.7,0.3,0.84,0.9,0.82,0.79,0.65,0.6,0.87,1.67,2.43,2.14,2.18,3.11,3.29,-999,-999,-999,-999,-999,5.07,-999,-999,-999,-999,-999,-999,-999,-999,-999,-999,-999,-999,-999,-999,-999,-999,-999,-999,-999,-999,-999,-999,-999,-999,-999,-999,-999,-999,-999,-999,-999,-999,-999,-999,-999,-999,-999,-999,-999,-999,-999,-999,-999,-999,-999,-999,-999,-999,-999,-999,-999,-999,-999,-999,-999,3.79,3.56,-999,-999,-999,-999,5.01,5.24,5.29,61.25
58.75,4.76,5.17,5.92,6.41,6.37,6,6.06,-999,-999,-999,-999,5.66,5.4,5.26,5.37,5.56,-999,-999,-999,-999,-999,-999,-999,-999,-999,-999,-999,-999,-999,-999,-999,-999,-999,-999,-999,3.56,3.47,3.49,3.64,3.72,3.63,-999,-999,-999,-999,-999,-999,2.45,2.07,1.06,1.29,1.23,1.27,1.79,1.93,1.72,1.81,2.28,1.27,-0.35,-0.34,0.05,0.1,0.14,0.31,0.3,0.86,1.34,1.07,1.48,-999,2.29,2.62,3.12,-999,-999,-999,-999,-999,4.12,4.85,-999,-999,-999,-999,-999,-999,-999,-999,-999,-999,-999,-999,-999,-999,-999,-999,-999,-999,-999,-999,-999,-999,-999,-999,-999,-999,-999,-999,-999,-999,-999,-999,-999,-999,-999,-999,-999,-999,-999,-999,-999,-999,-999,-999,-999,-999,-999,-999,5.61,5.85,5.14,5.04,5.27,5.37,-999,-999,5.09,4.69,4.38,4.41,4.54,4.62,4.65,58.75
56.25,4.09,4.32,4.71,5.19,5.6,5.95,6.17,6.32,-999,5.43,5.07,5.11,4.96,4.99,5.04,5.03,4.97,5.4,4.58,-999,-999,-999,-999,-999,-999,-999,-999,-999,-999,-999,-999,-999,-999,-999,-999,-999,-999,3.93,3.91,4.16,4.24,-999,-999,-999,-999,-999,-999,-999,2.37,2,1.02,1.23,1.54,1.58,1.62,1.81,2.19,2.46,0.96,-0.21,-0.4,-0.43,-0.39,-0.11,0.62,1.17,1.3,1.09,1.37,-999,-999,2.75,3.08,3.46,3.22,-999,-999,-999,-999,4.52,-999,-999,-999,-999,-999,-999,-999,-999,-999,-999,-999,-999,-999,-999,-999,-999,-999,-999,-999,-999,-999,-999,-999,-999,-999,-999,-999,-999,-999,-999,-999,-999,-999,-999,-999,-999,-999,-999,-999,-999,-999,-999,-999,-999,-999,-999,-999,5.57,5.44,5.85,5.55,5.41,5.5,5.62,-999,-999,-999,5.06,4.32,4.2,4.06,3.92,3.87,3.92,56.25
53.75,3.76,3.91,4.16,4.44,4.72,5.03,5.15,5.21,5.21,5.1,5.08,5.01,5.03,5.05,5.05,4.99,4.98,5.07,5.02,5.2,-999,-999,-999,-999,-999,-999,-999,-999,-999,-999,-999,-999,-999,-999,-999,-999,-999,-999,-999,4.78,-999,-999,-999,-999,-999,-999,-999,-999,-999,-999,2.61,1.66,1.25,1.5,1.73,1.99,2.37,2.51,2.52,2.42,2.28,2.25,1.58,1.26,1.3,1.23,1.2,1.16,-999,-999,-999,-999,3.2,2.95,2.86,-999,-999,-999,-999,-999,-999,-999,-999,-999,-999,-999,-999,-999,-999,-999,-999,-999,-999,-999,-999,-999,-999,-999,-999,-999,-999,-999,-999,-999,-999,-999,-999,-999,-999,-999,-999,-999,-999,-999,-999,-999,-999,-999,-999,-999,-999,-999,-999,-999,-999,-999,-999,-999,3.95,4.35,5.59,5.39,4.96,4.62,-999,-999,5.22,4.47,3.99,3.84,3.78,3.74,3.68,3.65,53.75
51.25,3.8,3.91,4.31,4.55,4.68,4.8,4.83,4.86,4.9,4.85,4.82,4.85,4.91,4.98,5.01,4.93,4.89,5.03,5.03,4.92,5.03,-999,-999,-999,-999,-999,-999,-999,-999,-999,-999,-999,-999,-999,-999,-999,-999,-999,-999,-999,-999,-999,-999,-999,-999,-999,-999,-999,-999,-999,3.01,2.73,2.16,2.15,2.24,2.37,2.57,2.77,3.03,2.66,1.75,2.06,2.68,2.61,2.37,2.16,1.83,1.32,2.45,3.04,-999,-999,2.99,-999,-999,-999,-999,-999,-999,-999,-999,-999,-999,-999,-999,-999,-999,-999,-999,-999,-999,-999,-999,-999,-999,-999,-999,-999,-999,-999,-999,-999,-999,-999,-999,-999,-999,-999,-999,-999,-999,-999,-999,-999,-999,-999,-999,-999,-999,-999,-999,-999,-999,-999,-999,-999,-999,-999,-999,-999,5.9,5.21,4.57,4.44,-999,-999,4.33,4.03,3.95,3.87,3.77,3.72,3.72,3.73,51.25
48.75,3.92,3.99,4.21,4.33,4.39,4.39,4.4,4.42,4.46,4.44,4.45,4.58,4.75,4.88,4.97,4.93,4.85,4.95,5.02,4.83,4.6,4.89,-999,-999,-999,-999,-999,-999,-999,-999,-999,-999,-999,-999,-999,-999,-999,-999,-999,-999,-999,-999,-999,-999,-999,-999,6.04,5.9,-999,-999,-999,3.52,2.48,2.33,3.04,4.08,3.97,3.55,3.29,2.56,1.83,2.2,2.78,2.88,2.77,2.84,2.12,1.87,2.42,2.7,-999,-999,-999,-999,-999,-999,-999,-999,-999,-999,-999,-999,-999,-999,-999,-999,-999,-999,-999,-999,-999,-999,-999,-999,-999,-999,-999,-999,-999,-999,-999,-999,-999,-999,-999,-999,-999,-999,-999,-999,-999,-999,-999,-999,-999,-999,-999,-999,-999,-999,-999,-999,-999,-999,-999,-999,-999,-999,-999,5.1,5.79,5.21,4.8,4.55,4.72,4.68,4.34,4.24,4.13,4.01,3.93,3.92,3.94,3.95,48.75
46.25,4.01,4.05,4.2,4.29,4.33,4.33,4.36,4.37,4.4,4.45,4.55,4.65,4.74,4.81,4.88,4.86,4.83,4.89,4.94,4.87,4.66,4.59,-999,-999,-999,-999,-999,-999,-999,-999,-999,-999,-999,-999,-999,-999,-999,-999,-999,-999,-999,-999,-999,-999,-999,-999,5.58,5.96,5.43,5.27,4.39,4.6,4.76,4.86,5.59,5.67,4.87,4.02,3.36,2.8,2.34,2.54,2.89,2.96,3.1,2.99,2.64,2.47,2.34,2.37,1.92,-999,-999,-999,-999,-999,-999,-999,-999,-999,-999,-999,-999,-999,-999,-999,-999,-999,-999,-999,-999,-999,3.9,-999,-999,-999,-999,-999,-999,-999,-999,-999,-999,-999,-999,-999,-999,-999,-999,-999,-999,-999,-999,-999,-999,-999,-999,-999,-999,-999,-999,-999,-999,-999,-999,-999,-999,3.33,4.61,5.57,5.61,5.45,5.04,4.61,4.59,4.52,4.32,4.07,3.91,3.84,3.83,3.84,3.89,3.95,46.25
43.75,4.08,4.25,4.41,4.46,4.38,4.32,4.35,4.36,4.4,4.51,4.56,4.56,4.64,4.72,4.75,4.7,4.65,4.71,4.74,4.74,4.65,4.67,-999,-999,-999,-999,-999,-999,-999,-999,-999,-999,-999,-999,-999,-999,-999,-999,-999,-999,-999,-999,-999,-999,5.83,-999,5.68,6.07,5.78,5.5,5.4,6.36,6.78,6.21,5.23,4.63,4.06,3.45,3.03,2.57,2.29,2.81,3.14,3.31,3.33,3.22,2.85,2.59,-999,-999,-999,-999,-999,-999,-999,3.86,-999,-999,-999,-999,-999,-999,-999,-999,4.63,4.48,4.34,3.83,-999,-999,-999,3.85,-999,-999,-999,-999,-999,-999,-999,-999,-999,-999,-999,-999,-999,-999,-999,-999,-999,-999,-999,-999,-999,-999,-999,-999,-999,-999,-999,-999,-999,-999,-999,-999,-999,-999,4.24,3.59,-999,-999,5.52,4.8,4.71,4.53,4.46,4.25,3.85,3.42,3.3,3.44,3.61,3.74,3.82,3.91,43.75
41.25,4.46,4.66,4.77,4.72,4.51,4.31,4.2,4.18,4.2,4.2,4.2,4.23,4.3,4.41,4.36,4.3,4.44,4.52,4.51,4.58,4.6,4.7,-999,-999,-999,-999,-999,-999,-999,-999,-999,-999,-999,-999,-999,-999,-999,-999,-999,-999,-999,-999,-999,-999,4.93,3.52,2.66,3,3.1,2.69,2.89,3.6,3.55,3.05,3.16,3.24,2.89,2.45,2.35,2.3,2.7,3.16,3.44,3.59,3.58,3.4,2.98,2.56,-999,-999,-999,-999,-999,4.02,4,-999,3.83,-999,-999,4.42,-999,-999,-999,-999,-999,-999,-999,-999,-999,-999,-999,-999,4.45,-999,-999,-999,-999,-999,-999,-999,-999,-999,-999,-999,-999,-999,-999,-999,-999,-999,-999,-999,-999,-999,-999,-999,-999,-999,-999,-999,-999,-999,-999,-999,3.59,4.02,2.94,3.89,-999,1.18,1.52,2.39,2.96,3.3,3.26,2.91,2.58,2.54,2.9,3.31,3.65,3.92,4.08,4.23,41.25
38.75,4.53,4.64,4.69,4.57,4.31,4.12,3.94,3.78,3.69,3.64,3.64,3.77,3.93,4.05,4,4.07,4.2,4.24,4.33,4.53,4.61,4.7,-999,-999,-999,-999,-999,-999,-999,-999,-999,-999,-999,-999,-999,-999,-999,-999,-999,-999,-999,-999,2.76,2.12,2.45,2.57,2.79,2.73,2.47,2.1,1.87,1.96,2.27,2.61,2.61,2.5,2.33,2.42,2.68,2.94,3.16,3.4,3.52,3.67,3.65,3.42,2.97,2.4,-999,-999,-999,-999,3.4,3.57,3.77,3.97,3.92,3.79,-999,4.26,-999,-999,4.35,-999,-999,-999,-999,-999,-999,-999,-999,-999,3.98,-999,-999,-999,-999,-999,-999,-999,-999,-999,-999,-999,-999,-999,-999,-999,-999,-999,-999,-999,-999,-999,-999,-999,-999,-999,-999,4.05,4.49,4.3,-999,3.6,3.33,3.65,3.21,3.8,-999,1.88,2.78,3.06,3.17,3.23,3.19,3.13,3.19,3.43,3.74,3.95,4.05,4.11,4.21,4.38,38.75
36.25,4.33,4.37,4.29,4.15,3.92,3.76,3.66,3.45,3.36,3.23,3.27,3.38,3.53,3.61,3.61,3.65,3.8,3.94,4.2,4.47,4.52,4.54,4.47,-999,-999,-999,-999,-999,-999,-999,-999,-999,-999,-999,-999,-999,-999,-999,-999,-999,-999,-999,2.48,2.75,2.92,3.05,3.14,3.06,2.89,2.68,2.62,2.76,2.88,2.86,2.79,2.79,2.81,2.92,3.04,3.1,3.24,3.31,3.43,3.54,3.48,3.22,2.87,2.36,2.37,-999,-999,3.1,-999,-999,-999,-999,3.83,3.71,3.6,3.82,3.84,4.1,4.37,3.75,-999,-999,-999,-999,-999,-999,-999,-999,-999,-999,-999,-999,-999,-999,-999,-999,-999,-999,-999,-999,-999,-999,-999,-999,-999,-999,-999,-999,-999,-999,-999,-999,-999,-999,-999,-999,-999,4.09,4.02,-999,3.36,3.22,-999,-999,-999,2.96,3.21,3.4,3.54,3.67,3.81,3.92,4.06,4.1,4.07,4.05,4.05,4.07,4.13,4.24,36.25
33.75,4.01,4.01,3.89,3.72,3.64,3.57,3.46,3.33,3.26,3.13,3.1,3.21,3.34,3.41,3.49,3.59,3.79,3.96,4.12,4.27,4.33,4.28,4.26,4.12,-999,-999,-999,-999,-999,-999,-999,-999,-999,-999,-999,-999,-999,-999,-999,-999,-999,2.35,2.87,3.03,3.17,3.37,3.46,3.41,3.32,3.25,3.31,3.31,3.33,3.23,3.18,3.1,3.04,3.03,3.05,3.11,3.16,3.18,3.3,3.43,3.42,3.19,2.83,2.54,-999,-999,-999,-999,-999,-999,-999,-999,-999,3.88,3.7,3.7,3.7,3.92,3.93,4.05,3.77,3.35,-999,-999,-999,-999,-999,-999,-999,-999,-999,-999,-999,-999,-999,-999,-999,-999,-999,-999,-999,-999,-999,-999,-999,-999,-999,-999,-999,-999,-999,-999,-999,-999,-999,-999,-999,3.77,3.76,3.05,-999,-999,-999,2.94,2.96,3.29,3.46,3.6,3.73,3.96,4.08,4.12,4.14,3.97,3.85,3.88,3.92,3.96,3.98,4.01,33.75
31.25,3.54,3.55,3.57,3.48,3.45,3.39,3.27,3.18,3.15,3.05,3.07,3.18,3.29,3.39,3.55,3.71,3.88,4.01,4.13,4.15,4.07,4.06,4.11,4.06,3.82,-999,-999,-999,-999,-999,-999,-999,-999,-999,-999,-999,-999,-999,-999,-999,2.78,2.73,3.1,3.39,3.5,3.57,3.63,3.56,3.49,3.5,3.51,3.45,3.4,3.28,3.26,3.16,3.08,3.08,3.16,3.24,3.28,3.37,3.55,3.72,3.65,3.31,2.76,2.34,-999,-999,-999,-999,-999,-999,-999,-999,-999,-999,-999,3.61,-999,-999,-999,3.69,-999,-999,-999,-999,-999,-999,-999,-999,-999,-999,-999,-999,-999,-999,-999,-999,-999,-999,-999,-999,-999,-999,-999,-999,-999,-999,-999,-999,-999,-999,-999,-999,-999,-999,-999,-999,-999,3.12,3.2,2.9,-999,3.01,3.15,3.3,3.42,3.37,3.38,3.56,3.82,3.82,3.75,3.76,3.69,3.59,3.49,3.42,3.4,3.36,3.37,3.49,31.25
28.75,3.24,3.31,3.3,3.24,3.25,3.14,3,2.98,3.02,3.07,3.11,3.25,3.39,3.52,3.65,3.86,4.07,4.09,4.08,4.01,3.92,3.91,3.91,3.88,3.77,3.62,-999,-999,-999,-999,-999,-999,-999,-999,2.43,2.53,2.51,2.67,2.52,-999,2.83,3.14,3.35,3.43,3.32,3.43,3.48,3.41,3.42,3.45,3.49,3.45,3.33,3.26,3.24,3.2,3.2,3.32,3.46,3.62,3.75,3.86,3.89,3.68,3.26,2.81,2.46,-999,-999,-999,-999,-999,-999,-999,-999,-999,-999,-999,-999,-999,-999,-999,-999,-999,-999,-999,-999,-999,-999,-999,-999,3.62,-999,-999,-999,-999,-999,-999,-999,-999,-999,-999,-999,-999,-999,-999,-999,-999,-999,-999,-999,-999,-999,-999,-999,-999,-999,-999,-999,-999,-999,2.94,2.72,2.61,2.94,3.42,3.37,3.46,3.51,3.48,3.52,3.51,3.41,3.3,3.28,3.24,3.1,2.94,2.81,2.68,2.75,2.89,3.07,3.14,28.75
26.25,2.96,3.07,3.09,3.07,3.03,2.95,2.99,3.1,3.17,3.23,3.37,3.54,3.66,3.76,3.91,4.05,4.11,4.07,3.95,3.88,3.84,3.91,3.86,3.79,3.65,3.51,3.34,-999,-999,-999,-999,-999,-999,2.51,2.63,2.65,2.64,2.9,2.91,-999,2.88,2.91,3.33,3.09,3.36,3.43,3.41,3.4,3.41,3.46,3.42,3.34,3.23,3.2,3.27,3.39,3.55,3.83,3.97,3.98,3.87,3.64,3.24,2.69,2.27,2.04,-999,-999,-999,-999,-999,-999,-999,-999,-999,-999,-999,-999,-999,-999,-999,-999,-999,-999,-999,-999,-999,-999,-999,-999,-999,-999,3.51,-999,-999,-999,-999,-999,-999,-999,-999,-999,-999,-999,-999,-999,-999,-999,-999,-999,-999,-999,-999,-999,-999,-999,-999,-999,-999,-999,3.29,2.72,2.48,3.25,3.45,3.46,3.37,3.27,3.16,3.08,3.03,2.91,2.84,2.79,2.78,2.66,2.51,2.4,2.33,2.43,2.61,2.68,2.77,2.82,26.25
23.75,2.89,2.97,3,2.95,2.95,3.01,3.1,3.2,3.26,3.39,3.56,3.67,3.77,3.82,3.87,3.91,3.91,3.85,3.81,3.8,3.88,3.88,3.77,3.61,3.46,3.29,3.13,-999,2.62,-999,-999,-999,-999,2.62,2.64,2.61,2.74,2.78,2.88,2.89,3.02,3.17,3.22,3.16,3.3,3.27,3.26,3.31,3.3,3.29,3.2,3.15,3.08,3.13,3.26,3.44,3.63,3.72,3.61,3.31,2.95,2.59,2.19,1.82,1.63,-999,-999,-999,-999,-999,-999,-999,-999,-999,-999,-999,-999,-999,-999,-999,-999,-999,-999,-999,-999,-999,3.31,-999,-999,-999,-999,-999,-999,-999,-999,-999,3.29,3.41,3.36,-999,-999,-999,-999,-999,-999,-999,-999,-999,-999,-999,-999,-999,-999,-999,-999,-999,-999,-999,-999,3.06,-999,2.56,2.68,3.03,3.06,3.02,2.97,2.84,2.65,2.57,2.48,2.43,2.46,2.46,2.43,2.33,2.26,2.24,2.31,2.38,2.46,2.5,2.59,2.73,23.75
21.25,2.88,2.94,2.95,2.96,2.98,3.03,3.09,3.16,3.27,3.5,3.59,3.46,3.47,3.48,3.5,3.54,3.58,3.65,3.72,3.75,3.78,3.73,3.6,3.39,3.27,3.21,3.23,2.96,2.68,2.58,-999,-999,-999,2.7,2.68,2.62,-999,2.78,2.98,3.15,-999,-999,3.19,3.17,2.88,2.99,3.02,3.01,3,3,3.02,3.05,3.04,3.04,3.02,3,2.97,2.84,2.61,2.37,2.18,2.03,1.88,1.95,2.2,-999,-999,-999,-999,-999,-999,-999,-999,-999,-999,-999,-999,-999,-999,-999,-999,-999,-999,-999,-999,-999,-999,-999,-999,-999,-999,-999,-999,-999,-999,-999,3.71,3.74,3.59,3.6,-999,-999,-999,-999,-999,-999,-999,2.41,2.42,-999,-999,-999,-999,-999,-999,3.81,-999,3.19,2.85,2.76,-999,2.8,2.48,2.51,2.53,2.53,2.45,2.29,2.21,2.22,2.21,2.17,2.19,2.27,2.31,2.28,2.23,2.25,2.31,2.4,2.49,2.58,2.7,2.8,21.25
18.75,2.8,2.83,2.83,2.83,2.86,2.91,2.95,3.04,3.15,-999,3.11,3.1,3.14,3.16,3.18,3.22,3.29,3.34,3.37,3.41,3.49,3.5,3.43,3.33,3.2,3.13,3.11,2.94,2.54,2.45,-999,-999,-999,-999,2.85,-999,-999,2.78,2.87,2.88,3.03,3.14,3.13,-999,2.7,2.83,2.84,2.85,2.85,2.85,2.83,2.78,2.72,2.67,2.59,2.51,2.4,2.25,2.1,2.03,2.06,2.12,2.27,2.54,2.81,-999,-999,-999,-999,-999,-999,-999,-999,-999,-999,-999,-999,-999,-999,-999,-999,-999,-999,-999,-999,-999,-999,3.23,-999,-999,-999,-999,-999,-999,-999,4.22,4.08,3.88,3.69,3.66,3.76,-999,-999,-999,-999,-999,2.3,2.48,2.4,-999,-999,-999,-999,-999,-999,-999,-999,2.83,2.75,2.67,-999,2.15,2.23,2.28,2.25,2.16,2.09,2.06,2.14,2.16,2.16,2.19,2.24,2.26,2.27,2.33,2.32,2.4,2.51,2.62,2.69,2.71,2.73,2.74,18.75
16.25,2.81,2.84,2.86,2.88,2.89,2.9,2.91,2.92,2.9,2.86,2.85,2.89,2.92,2.92,2.92,2.94,2.98,2.98,3,3.04,3.05,3.08,3.04,2.97,2.88,2.84,2.78,2.64,2.5,2.32,2.4,2.59,-999,-999,-999,-999,-999,2.75,2.79,2.75,2.85,2.8,2.77,2.78,2.75,2.74,2.71,2.62,2.55,2.52,2.49,2.51,2.5,2.5,2.49,2.51,2.52,2.47,2.4,2.44,2.57,2.72,2.84,2.88,2.95,-999,-999,-999,-999,-999,-999,-999,-999,-999,-999,-999,-999,-999,-999,-999,-999,-999,-999,-999,-999,-999,-999,-999,3.27,-999,-999,-999,-999,3.67,3.91,3.94,3.78,3.74,3.69,3.61,3.51,-999,-999,-999,-999,2.25,2.43,2.46,2.51,-999,-999,-999,-999,-999,-999,3.33,3.04,2.7,2.67,2.61,-999,2.29,2.19,2.16,2.11,2.1,2.07,2.12,2.21,2.24,2.25,2.26,2.28,2.31,2.35,2.41,2.48,2.59,2.66,2.72,2.76,2.78,2.76,2.79,16.25
13.75,2.79,2.78,2.8,2.8,2.82,2.83,2.85,2.85,2.86,2.88,2.89,2.89,2.89,2.88,2.86,2.84,2.81,2.76,2.76,2.79,2.79,2.77,2.73,2.7,2.68,2.64,2.67,2.74,2.77,2.8,2.91,3.07,3.25,3.38,3.28,-999,-999,-999,-999,2.72,2.74,2.7,2.67,2.66,2.69,2.66,2.63,2.57,2.49,2.56,2.58,2.65,2.65,2.67,2.74,2.81,2.87,2.94,2.99,3.05,3.09,3.1,3.06,2.98,3.08,-999,-999,-999,-999,-999,-999,-999,-999,-999,-999,-999,-999,-999,-999,-999,-999,-999,-999,-999,-999,-999,-999,-999,-999,-999,-999,3.33,3.31,3.62,3.67,3.58,3.53,3.62,3.64,3.53,3.42,3.4,-999,-999,2.58,2.7,2.71,2.68,2.78,2.81,2.7,-999,-999,-999,-999,-999,3.07,2.62,2.57,2.5,-999,2.4,2.28,2.22,2.17,2.16,2.18,2.24,2.29,2.3,2.32,2.36,2.43,2.5,2.55,2.63,2.68,2.74,2.76,2.76,2.8,2.81,2.81,2.81,13.75
11.25,2.82,2.79,2.8,2.8,2.82,2.87,2.9,2.95,2.96,2.95,2.92,2.9,2.88,2.87,2.87,2.83,2.78,2.7,2.64,2.61,2.62,2.63,2.64,2.65,2.65,2.64,2.7,2.83,2.97,3.08,3.22,3.32,3.35,3.3,3.39,3.73,3.57,-999,-999,2.78,2.64,2.67,-999,-999,-999,2.49,2.57,2.66,2.62,2.75,2.74,2.78,2.83,2.82,2.86,2.92,2.95,2.94,3,3.03,3.07,3.06,2.99,2.95,3.07,2.77,-999,-999,-999,-999,-999,-999,-999,-999,-999,-999,-999,-999,-999,-999,-999,-999,-999,-999,-999,-999,-999,-999,-999,-999,-999,-999,-999,3.56,3.4,3.37,3.36,3.44,3.45,3.38,3.33,3.44,-999,-999,2.41,2.87,2.84,2.87,2.93,2.95,2.75,-999,3.11,-999,-999,-999,2.85,2.55,2.37,-999,-999,-999,2.36,2.31,2.26,2.25,2.26,2.31,2.35,2.37,2.42,2.48,2.54,2.59,2.64,2.69,2.73,2.74,2.77,2.81,2.85,2.86,2.87,2.84,11.25
8.75,2.75,2.73,2.74,2.74,2.79,2.81,2.79,2.8,2.85,2.88,2.83,2.82,2.79,2.76,2.78,2.76,2.76,2.74,2.74,2.74,2.74,2.74,2.78,2.79,2.84,2.86,2.86,2.94,3.07,3.17,3.21,3.24,3.27,3.27,3.27,3.58,3.83,3.61,-999,-999,-999,-999,-999,-999,-999,-999,-999,-999,2.74,2.84,2.88,2.89,2.88,2.93,2.94,2.94,2.92,2.89,2.91,2.92,3,3.03,2.87,2.86,2.93,2.9,2.98,-999,-999,-999,-999,-999,-999,-999,-999,-999,-999,-999,-999,-999,-999,-999,-999,-999,-999,-999,-999,-999,-999,-999,-999,-999,-999,3.49,3.46,3.41,3.33,3.33,3.34,3.27,3.19,3.27,3.5,3.45,-999,2.99,2.95,2.93,2.92,2.92,2.7,-999,2.93,2.81,-999,2.75,2.62,2.61,2.49,-999,2.42,-999,-999,2.33,2.35,2.35,2.34,2.38,2.35,2.35,2.41,2.41,2.41,2.46,2.51,2.54,2.58,2.62,2.67,2.69,2.75,2.8,2.82,2.78,8.75
6.25,2.66,2.64,2.64,2.65,2.65,2.65,2.68,2.72,2.75,2.79,2.8,2.83,2.83,2.84,2.87,2.9,2.96,3,3.04,3.18,3.17,3.17,3.37,3.34,3.44,3.45,3.35,3.33,3.33,3.3,3.25,3.27,3.32,3.44,3.62,3.67,3.64,3.57,3.58,3.61,3.2,-999,-999,-999,-999,-999,-999,-999,-999,2.62,2.65,3.04,3.07,3.02,3.04,3.05,3.09,3.12,3.14,3.12,3.13,3.06,2.96,2.98,3.05,3.15,3.32,-999,-999,-999,-999,-999,-999,-999,-999,-999,-999,-999,-999,-999,-999,-999,-999,-999,-999,-999,-999,-999,-999,-999,-999,-999,3.57,3.6,3.58,3.45,3.3,3.26,3.17,3.09,3.13,3.16,3.16,3.16,-999,3.15,3.02,2.88,2.81,2.86,2.77,-999,-999,2.52,2.59,2.63,2.69,2.73,-999,2.33,-999,-999,-999,2.33,2.29,2.36,2.4,2.4,2.41,2.37,2.36,2.37,2.36,2.37,2.39,2.42,2.44,2.48,2.54,2.58,2.62,2.63,2.66,2.67,6.25
3.75,3.04,3.13,3.14,3.19,3.21,3.37,3.26,3.27,3.24,3.39,3.29,3.28,3.42,3.46,3.59,3.68,3.46,3.62,3.91,3.75,3.81,3.9,4.11,4.03,4.27,4.58,4.51,4.17,4.45,4.38,4.07,3.97,3.75,3.67,3.7,3.66,3.51,3.49,3.43,3.44,3.38,-999,-999,-999,-999,-999,-999,-999,-999,-999,-999,-999,3.12,3.11,3.13,3.11,3.14,3.2,3.21,3.19,3.22,3.26,3.26,3.22,3.23,3.28,3.27,3.28,3.49,3.26,3.02,3.09,3.21,3.27,3.15,-999,-999,-999,-999,-999,-999,-999,-999,-999,-999,-999,-999,-999,-999,-999,-999,3.48,3.6,3.69,3.59,3.46,3.25,3.12,3.05,2.98,3.05,3.11,3.12,3.15,3.11,3.11,3.06,2.96,2.89,2.86,-999,-999,-999,-999,2.49,2.69,2.63,-999,-999,2.43,2.35,2.19,2.23,2.18,2.24,2.3,2.33,2.38,2.43,2.43,2.43,2.44,2.43,2.45,2.48,2.5,2.57,2.67,2.8,2.86,2.88,2.92,2.98,3.02,3.75
1.25,3.34,3.35,3.25,3.2,3.34,3.4,3.32,3.18,3.2,3.27,3.11,3.31,3.45,3.51,3.6,3.42,3.57,3.71,3.79,3.65,3.76,4.02,4.44,4.79,4.72,4.83,4.83,4.96,4.78,5.14,4.89,4.64,4.37,4.22,4.06,4.12,4.07,3.86,3.62,3.41,-999,-999,-999,-999,-999,-999,-999,-999,-999,-999,-999,-999,3,3.11,3.16,3.16,3.15,3.2,3.27,3.28,3.35,3.46,3.53,3.49,3.39,3.39,3.3,3.22,3.15,3.1,3.06,3.01,3.07,3.11,3.1,3.04,-999,-999,-999,-999,-999,-999,-999,-999,-999,-999,-999,-999,-999,-999,3.38,3.53,3.65,3.51,3.37,3.29,3.21,3.09,3.01,3.01,3,2.99,2.96,2.94,2.91,2.9,2.86,2.85,2.89,2.82,2.85,-999,-999,2.3,2.4,-999,-999,-999,-999,-999,-999,-999,2.01,2.29,2.42,2.59,2.67,2.74,2.68,2.57,2.6,2.64,2.67,2.73,2.76,2.91,2.97,3.03,3.23,3.21,3.21,3.18,3.32,3.29,1.25
-1.25,3.45,3.46,3.46,3.42,3.5,3.46,3.33,3.31,3.39,3.44,3.45,3.27,3.47,3.39,3.45,3.16,3.4,3.44,3.71,3.71,3.51,3.85,4.07,4.17,4.32,4.33,4.39,4.57,4.73,4.8,4.76,4.58,4.45,4.42,4.52,-999,4.47,4.23,3.88,-999,-999,-999,-999,-999,-999,-999,-999,-999,-999,-999,-999,-999,-999,-999,3.07,3.1,3.09,3.1,3.22,3.3,3.33,3.33,3.31,3.36,3.37,3.33,3.25,3.25,3.3,3.22,3.14,3.13,3.15,3.17,3.12,-999,-999,-999,-999,-999,-999,-999,-999,-999,-999,-999,-999,-999,-999,3.32,3.37,3.5,3.4,3.26,3.18,3.14,3.08,2.99,2.91,2.9,2.88,2.85,2.82,2.75,2.67,2.63,2.58,2.54,2.51,2.46,2.47,2.49,-999,-999,2.26,2.32,-999,-999,-999,-999,-999,2.12,2.33,2.15,-999,-999,2.71,2.49,2.5,2.46,2.48,2.57,2.65,2.68,2.8,2.94,3.05,3.19,3.3,3.32,3.36,3.41,3.41,3.44,-1.25
-3.75,3.26,3.32,3.38,3.41,3.34,3.41,3.4,3.43,3.44,3.45,3.43,3.44,3.47,3.61,3.5,3.33,3.49,3.65,3.68,3.51,3.44,3.52,3.44,3.52,3.5,3.42,3.68,3.57,3.81,3.94,3.97,3.95,3.94,3.9,3.79,3.98,4.15,4.22,4.07,-999,-999,-999,-999,-999,-999,-999,-999,-999,-999,-999,-999,-999,-999,-999,-999,-999,-999,2.98,2.97,3.03,3,2.99,3.01,3,3.03,2.99,2.95,2.93,2.91,2.91,2.96,3.04,3.08,3.11,3.12,3.19,-999,-999,-999,-999,-999,-999,-999,-999,-999,-999,-999,-999,3.32,3.39,3.38,3.36,3.33,3.26,3.2,3.14,3.12,3.09,3.06,3.02,2.97,2.93,2.89,2.84,2.81,2.76,2.68,2.63,2.51,2.4,2.21,2.01,2.22,-999,-999,2.28,2.28,2.32,-999,-999,-999,2.34,2.52,2.11,2.06,-999,-999,-999,-999,-999,2.03,2.21,2.38,2.35,2.41,2.51,2.59,2.73,2.83,2.94,3.05,3.19,3.17,3.24,-3.75
-6.25,2.62,2.65,2.69,2.73,2.76,2.8,2.8,2.81,2.82,2.75,2.72,2.72,2.71,2.7,2.7,2.75,2.78,2.83,2.89,2.98,3.04,3,3.01,3.08,3.05,3.12,3.08,3.13,3.27,3.46,3.57,3.59,3.76,3.75,3.71,3.75,3.86,4.07,4.06,-999,-999,-999,-999,-999,-999,-999,-999,-999,-999,-999,-999,-999,-999,-999,-999,-999,-999,-999,2.79,2.8,2.79,2.82,2.84,2.87,2.86,2.84,2.81,2.83,2.82,2.81,2.84,2.87,2.96,3.05,3.16,3.14,3.18,-999,-999,-999,-999,-999,-999,-999,-999,-999,-999,-999,3.26,3.28,3.22,3.24,3.19,3.11,3.12,3.1,3.06,3.03,3.02,3.01,3.01,2.92,2.88,2.78,2.78,2.77,2.74,2.68,2.6,2.55,2.5,2.28,2.13,2,-999,2.48,2.38,2.25,2.31,2.27,2.3,2.29,2.23,2.29,2.16,2.11,1.99,-999,-999,-999,-999,-999,-999,2.29,-999,2.27,2.25,2.3,2.35,2.41,2.47,2.51,2.55,2.6,-6.25
-8.75,2.45,2.47,2.52,2.57,2.58,2.58,2.56,2.54,2.52,2.49,2.45,2.43,2.41,2.42,2.4,2.41,2.46,2.5,2.55,2.61,2.66,2.69,2.72,2.76,2.76,2.77,2.78,2.83,2.93,3,3.11,3.25,3.37,3.42,3.43,3.46,3.56,3.74,4.14,4.25,-999,-999,-999,-999,-999,-999,-999,-999,-999,-999,-999,-999,-999,-999,-999,-999,-999,-999,2.73,2.66,2.66,2.65,2.63,2.61,2.6,2.62,2.63,2.64,2.67,2.72,2.76,2.8,2.81,2.91,3.02,3.19,3.42,-999,-999,-999,-999,-999,-999,-999,-999,-999,-999,-999,3.15,3.14,3.14,3.17,3.15,3.09,3,2.98,2.96,2.91,2.91,2.94,2.96,2.9,2.87,2.86,2.86,2.86,2.83,2.81,2.74,2.7,2.61,2.47,2.32,2.1,2.04,1.98,1.99,-999,-999,-999,-999,-999,-999,-999,2.17,2.14,2.1,2.16,-999,2.16,-999,-999,2.39,2.15,2.19,2.19,2.16,2.21,2.25,2.24,2.22,2.25,2.33,2.36,-8.75
-11.25,2.47,2.52,2.55,2.59,2.62,2.64,2.62,2.59,2.52,2.45,2.38,2.32,2.3,2.3,2.31,2.36,2.43,2.47,2.49,2.48,2.45,2.45,2.44,2.45,2.46,2.48,2.5,2.54,2.57,2.6,2.67,2.77,2.89,2.99,3.06,3.15,3.27,3.38,3.53,3.8,3.73,-999,-999,-999,-999,-999,-999,-999,-999,-999,-999,-999,-999,-999,-999,-999,-999,2.42,2.62,2.61,2.6,2.62,2.6,2.56,2.52,2.53,2.55,2.55,2.57,2.63,2.69,2.74,2.78,2.84,2.97,3.26,3.34,-999,-999,-999,-999,-999,-999,-999,-999,-999,-999,-999,3.1,3.16,3.06,3.06,3.01,3.06,3.08,3.12,3.14,3.03,2.96,2.92,2.9,2.84,2.81,2.76,2.79,2.84,2.86,2.85,2.82,2.77,2.67,2.51,2.35,2.28,2.19,2.15,2.08,2.08,2.24,2.21,2.16,2.12,2.2,2.2,2.27,2.19,2.15,2.06,2.11,2.25,2.45,2.25,2.25,2.34,2.19,2.21,2.12,2.15,2.15,2.12,2.17,2.25,2.31,2.39,-11.25
-13.75,2.33,2.39,2.43,2.5,2.59,2.62,2.57,2.55,2.49,2.43,2.36,2.25,2.2,2.14,2.15,2.2,2.26,2.29,2.32,2.34,2.38,2.38,2.38,2.39,2.4,2.43,2.44,2.46,2.49,2.52,2.57,2.63,2.73,2.82,2.91,2.97,3.08,3.17,3.26,3.43,3.83,-999,-999,-999,-999,-999,-999,-999,-999,-999,-999,-999,-999,-999,-999,-999,-999,2.1,2.36,2.35,2.42,2.48,2.51,2.53,2.52,2.55,2.62,2.62,2.59,2.61,2.65,2.71,2.77,2.85,2.91,3.31,3.38,-999,-999,-999,-999,-999,-999,-999,-999,-999,-999,-999,-999,3.23,3.32,-999,2.82,2.95,2.96,2.97,2.96,2.93,2.92,2.91,2.86,2.79,2.75,2.71,2.67,2.66,2.7,2.73,2.73,2.71,2.66,2.61,2.58,2.57,2.53,2.44,2.34,2.29,2.33,2.37,2.4,2.4,2.47,2.36,-999,-999,-999,2.24,2.21,-999,2.41,2.4,2.3,2.1,2.15,2.04,1.95,1.92,1.95,2,2.08,2.14,2.17,2.25,-13.75
-16.25,2.2,2.24,2.26,2.31,2.38,2.42,2.39,2.34,2.24,2.22,2.21,2.14,2.05,1.98,1.97,1.97,2.06,2.12,2.17,2.24,2.3,2.34,2.35,2.37,2.38,2.39,2.41,2.43,2.45,2.46,2.49,2.55,2.64,2.73,2.81,2.87,2.95,3.01,3.05,3.14,3.35,3.77,-999,-999,-999,-999,-999,-999,-999,-999,-999,-999,-999,-999,-999,-999,-999,2.04,2.13,2.1,2.13,2.12,2.12,2.21,2.35,2.49,2.57,2.62,2.64,2.68,2.7,2.72,2.73,2.79,2.87,3.2,3.53,-999,-999,-999,-999,-999,-999,-999,-999,-999,-999,-999,3.05,-999,-999,-999,2.75,2.79,2.81,2.82,2.83,2.84,2.89,2.93,2.93,2.88,2.83,2.73,2.65,2.62,2.61,2.66,2.74,2.8,2.84,2.85,2.8,2.69,2.62,2.61,2.5,2.48,2.47,2.53,2.64,-999,-999,-999,-999,-999,-999,2.43,-999,-999,-999,2.29,2.22,2.12,2.01,1.91,1.8,1.79,1.77,1.85,1.93,2.01,2.07,2.12,-16.25
-18.75,2.23,2.28,2.32,2.31,2.33,2.34,2.32,2.25,2.21,2.18,2.18,2.16,2.09,2,1.95,1.88,1.8,1.79,1.87,1.98,2.07,2.15,2.2,2.25,2.28,2.28,2.25,2.23,2.18,2.16,2.15,2.18,2.26,2.38,2.51,2.61,2.72,2.83,2.92,3.02,3.12,3.24,3.27,3.81,-999,-999,-999,-999,-999,-999,-999,-999,-999,-999,-999,-999,2.05,2.12,1.99,1.96,1.88,1.83,1.85,1.97,2.09,2.22,2.31,2.37,2.43,2.52,2.6,2.64,2.69,2.72,2.89,3.06,3.62,-999,-999,-999,-999,-999,-999,-999,-999,-999,-999,2.93,2.89,-999,-999,-999,2.84,2.7,2.68,2.67,2.67,2.68,2.71,2.79,2.87,2.94,2.99,3.01,3.01,2.97,2.92,2.9,2.86,2.82,2.77,2.75,2.91,3,2.7,2.67,2.58,2.58,2.77,2.79,-999,-999,-999,-999,-999,-999,-999,-999,-999,-999,-999,2.46,2.25,2.13,2.08,2.04,1.96,1.91,1.88,1.86,1.96,2.01,2.06,2.15,-18.75
-21.25,2.43,2.52,2.55,2.51,2.46,2.45,2.42,2.38,2.32,2.27,2.23,2.19,2.16,2.11,2.01,1.92,1.76,1.64,1.6,1.56,1.64,1.74,1.83,1.92,2,2.04,2.04,2,1.95,1.88,1.81,1.73,1.69,1.7,1.8,1.98,2.28,2.56,2.78,2.88,2.93,3.05,3.12,3.79,-999,-999,-999,-999,-999,-999,-999,-999,-999,-999,-999,-999,2.35,2.07,2.14,2.1,1.94,1.86,1.87,1.89,1.95,2.01,2.09,2.16,2.2,2.24,2.29,2.37,2.45,2.54,2.69,2.84,3.4,-999,-999,-999,-999,-999,-999,-999,-999,-999,2.92,3.03,2.94,-999,-999,-999,2.77,2.69,2.68,2.68,2.66,2.62,2.61,2.58,2.6,2.64,2.71,2.79,2.9,2.99,3.05,3.11,3.16,3.12,2.9,2.54,2.77,3.2,2.83,2.66,2.57,2.75,-999,-999,-999,-999,-999,-999,-999,-999,-999,-999,-999,-999,-999,-999,2.69,2.34,2.22,2.2,2.12,2.09,2.06,2.08,2.1,2.16,2.24,2.31,-21.25
-23.75,2.53,2.66,2.73,2.74,2.68,2.67,2.65,2.62,2.58,2.49,2.42,2.39,2.33,2.27,2.21,2.06,1.88,1.68,1.55,1.45,1.33,1.35,1.4,1.42,1.54,1.65,1.74,1.79,1.8,1.76,1.69,1.63,1.6,1.57,1.52,1.45,1.44,1.57,1.9,2.42,2.85,3,3.21,3.69,-999,-999,-999,-999,-999,-999,-999,-999,-999,-999,2.09,2.1,2.3,2.1,2.13,2.05,1.89,1.84,1.86,1.86,1.88,1.9,1.99,2.09,2.17,2.23,2.26,2.27,2.25,2.26,2.4,2.66,2.94,3.25,-999,-999,-999,-999,-999,-999,-999,-999,2.92,2.84,2.94,-999,-999,2.52,2.65,2.6,2.61,2.6,2.66,2.68,2.68,2.68,2.65,2.6,2.55,2.56,2.63,2.74,2.84,2.96,3.11,3.19,3.01,2.53,2.57,3.26,2.73,2.6,2.49,-999,-999,-999,-999,-999,-999,-999,-999,-999,-999,-999,-999,-999,-999,-999,-999,2.51,2.43,2.37,2.3,2.3,2.3,2.31,2.29,2.31,2.38,2.42,-23.75
-26.25,2.57,2.65,2.74,2.8,2.87,2.91,2.92,2.87,2.81,2.77,2.72,2.68,2.61,2.52,2.5,2.39,2.17,1.91,1.68,1.55,1.45,1.34,1.25,1.22,1.28,1.37,1.43,1.45,1.51,1.53,1.54,1.51,1.54,1.61,1.65,1.63,1.56,1.52,1.54,1.92,2.45,2.86,3.43,-999,-999,-999,-999,-999,-999,-999,-999,-999,-999,2.04,1.97,1.96,1.9,1.98,2.04,1.95,1.83,1.88,2,1.98,1.98,1.92,1.88,1.93,2.04,2.19,2.3,2.33,2.26,2.15,2.16,2.4,2.84,3.28,-999,-999,-999,-999,-999,-999,-999,2.94,2.82,2.82,2.89,2.98,2.92,2.55,2.57,2.49,2.49,2.56,2.66,2.7,2.75,2.76,2.73,2.69,2.64,2.62,2.62,2.63,2.7,2.8,3.01,3.17,3.1,2.73,2.26,2.93,2.74,2.65,2.56,-999,-999,-999,-999,-999,-999,-999,-999,-999,-999,-999,-999,-999,-999,-999,-999,2.81,2.83,2.55,2.41,2.36,2.35,2.41,2.48,2.51,2.56,2.55,-26.25
-28.75,2.75,2.77,2.74,2.74,2.84,2.95,3.02,3.05,3.02,3.03,3.07,3.07,3.02,2.97,2.89,2.75,2.55,2.3,1.99,1.81,1.7,1.57,1.47,1.35,1.37,1.36,1.34,1.33,1.29,1.27,1.31,1.32,1.33,1.41,1.54,1.64,1.66,1.61,1.54,1.65,2.3,2.94,3.38,-999,-999,-999,-999,-999,-999,-999,-999,-999,-999,1.96,1.69,1.71,1.75,1.84,1.83,1.79,1.81,1.84,1.93,2.03,2.07,2.1,2.05,2,2.02,2.12,2.15,2.23,2.27,2.22,2.14,2.11,2.29,2.99,3.28,-999,-999,-999,-999,-999,-999,2.86,2.6,2.78,2.85,2.85,2.84,2.87,2.73,2.63,2.59,2.59,2.63,2.67,2.72,2.82,2.84,2.84,2.84,2.84,2.82,2.79,2.79,2.87,2.97,3.06,3.16,3.1,2.41,2.63,2.94,2.49,2.51,2.5,-999,-999,-999,-999,-999,-999,-999,-999,-999,-999,-999,-999,-999,-999,-999,3.01,2.84,2.67,2.62,2.57,2.49,2.47,2.49,2.59,2.72,2.75,-28.75
-31.25,2.99,3.01,2.94,2.89,2.87,2.91,2.96,2.98,3.02,3.07,3.17,3.26,3.3,3.37,3.32,3.11,2.87,2.63,2.32,2.11,1.95,1.79,1.72,1.6,1.51,1.48,1.42,1.35,1.24,1.12,1.12,1.15,1.19,1.2,1.3,1.44,1.57,1.64,1.63,1.58,1.91,2.75,3.49,-999,-999,-999,-999,-999,-999,-999,-999,-999,1.89,1.66,1.57,1.67,1.69,1.67,1.6,1.63,1.69,1.75,1.79,1.88,1.98,2.1,2.17,2.22,2.28,2.25,2.13,2.09,2.15,2.18,2.13,2.08,2.1,2.22,3.02,-999,-999,-999,-999,-999,-999,3.26,2.82,2.58,2.7,2.77,2.79,2.77,2.7,2.62,2.61,2.67,2.66,2.66,2.69,2.78,2.84,2.86,2.9,2.97,3.01,2.94,2.84,2.88,2.92,2.97,3.06,3.1,3.04,2.94,2.7,2.13,2.85,2.31,-999,-999,-999,-999,-999,-999,-999,-999,-999,-999,-999,-999,-999,-999,-999,3.01,2.71,2.63,2.51,2.43,2.39,2.45,2.43,2.54,2.72,2.9,-31.25
-33.75,2.71,2.91,2.93,2.96,2.9,2.87,2.86,2.88,2.91,2.97,3.06,3.13,3.18,3.23,3.26,3.18,3,2.79,2.5,2.26,2.11,1.99,1.84,1.7,1.67,1.61,1.49,1.41,1.25,1.1,1.05,1.04,1.08,1.12,1.21,1.34,1.46,1.56,1.65,1.66,1.82,2.63,3.25,-999,-999,-999,-999,-999,-999,-999,-999,2.21,1.87,1.97,1.78,1.65,1.65,1.63,1.54,1.42,1.46,1.52,1.6,1.68,1.85,2.05,2.22,2.35,2.53,2.59,2.34,2.18,2.1,2.04,2.02,2.01,1.99,1.91,1.93,-999,-999,-999,-999,2.39,1.41,1.03,1.41,1.66,1.83,2.02,2.06,2.16,2.27,2.26,2.15,2.15,2.25,2.37,2.4,2.39,2.45,2.55,2.64,2.71,2.82,2.88,2.9,2.92,3.01,3.05,3.03,2.99,2.92,2.83,2.68,2.46,2.35,2.18,-999,-999,-999,-999,2.49,2.55,2.53,2.42,-999,-999,-999,-999,-999,-999,-999,2.91,2.66,2.51,2.49,2.34,2.23,2.27,2.13,2.22,2.34,2.49,-33.75
-36.25,2.25,2.43,2.61,2.71,2.72,2.71,2.7,2.75,2.79,2.82,2.89,2.95,2.96,2.97,3,3,2.93,2.75,2.51,2.28,2.1,1.94,1.87,1.79,1.73,1.66,1.56,1.42,1.23,1.11,1.07,1.06,1.08,1.07,1.15,1.28,1.4,1.52,1.67,1.72,1.76,2.47,3.67,-999,-999,-999,-999,-999,-999,3.54,4.31,2.15,2.09,2.23,2.21,2.02,1.94,1.89,1.84,1.79,1.69,1.62,1.61,1.61,1.57,1.6,1.85,2.17,2.36,2.55,2.66,2.57,2.36,2.12,2.02,2.03,2.05,2.06,2.07,2.03,2.04,2,1.64,0.82,0.64,0.79,0.61,0.59,0.72,0.81,0.9,0.99,1.14,1.29,1.36,1.32,1.34,1.44,1.59,1.66,1.64,1.69,1.83,1.98,2.1,2.21,2.35,2.51,2.66,2.79,2.86,2.84,2.76,2.68,2.58,2.49,2.27,1.92,1.92,2.42,2.48,2.51,2.46,2.42,2.3,2.33,2.39,-999,-999,-999,-999,-999,3.18,2.83,2.78,2.89,2.79,2.57,2.31,2.18,2.23,2.19,2.21,2.22,-36.25
-38.75,2.12,2.17,2.21,2.27,2.42,2.53,2.55,2.64,2.7,2.74,2.78,2.76,2.73,2.7,2.68,2.64,2.61,2.54,2.36,2.13,1.96,1.86,1.81,1.74,1.69,1.62,1.52,1.42,1.32,1.22,1.22,1.23,1.21,1.13,1.14,1.23,1.36,1.54,1.69,1.82,1.86,2.44,3.25,-999,-999,-999,-999,-999,-999,3.21,4.1,2.23,2.47,2.84,2.72,2.6,2.55,2.45,2.34,2.3,2.31,2.32,2.28,2.28,2.3,2.03,1.45,1.52,1.88,2.07,2.21,2.34,2.59,2.62,2.49,2.39,2.27,2.14,2.06,1.98,1.86,1.5,1.3,1.18,1.29,1.41,1.44,1.44,1.25,0.91,0.79,0.76,0.74,0.78,0.87,0.97,1.07,1.11,1.14,1.19,1.22,1.28,1.37,1.45,1.5,1.54,1.59,1.69,1.82,1.96,2.07,2.21,2.27,2.29,2.25,2.18,2.15,2.11,2.16,2.22,2.23,2.26,2.2,2.1,2.03,1.99,1.92,2.12,2.29,2.41,2.8,3.63,3.55,3.51,3.37,3.18,2.98,2.58,2.19,1.98,2.09,2.06,-999,2.15,-38.75
-41.25,2.08,2.13,2.09,1.97,2.03,2.17,2.29,2.44,2.5,2.56,2.59,2.56,2.51,2.49,2.45,2.34,2.22,2.12,2.06,1.93,1.81,1.71,1.65,1.55,1.46,1.44,1.42,1.4,1.4,1.35,1.28,1.2,1.15,1.14,1.21,1.3,1.4,1.58,1.75,1.9,1.98,2.58,-999,-999,-999,-999,-999,2.43,2.43,2.86,4.71,3.27,3.51,3.65,3.65,3.63,3.58,3.42,3.19,2.96,2.85,2.8,2.82,2.97,3.33,3.51,2.5,1.64,1.67,1.84,1.96,1.99,2.02,2.1,2.22,2.32,2.52,2.78,2.76,2.28,1.95,2.02,2.46,2.53,2.46,2.52,2.71,2.99,2.84,2.19,1.94,1.94,1.82,1.65,1.43,1.27,1.28,1.32,1.46,1.65,1.73,1.68,1.67,1.73,1.75,1.68,1.6,1.62,1.65,1.63,1.63,1.71,1.78,1.76,1.74,1.73,1.72,1.72,1.73,1.76,1.82,1.84,1.82,1.73,1.66,1.61,1.6,1.74,2.02,2.36,-999,3.1,4.06,3.76,3.1,2.96,2.71,2.38,2.01,1.8,1.93,-999,1.65,2.1,-41.25
-43.75,2.43,2.53,2.59,1.99,1.93,1.96,2.01,2.13,2.25,2.36,2.41,2.4,2.36,2.33,2.31,2.25,2.15,2.04,1.95,1.87,1.78,1.69,1.65,1.56,1.44,1.36,1.31,1.34,1.37,1.31,1.2,1.12,1.1,1.11,1.22,1.33,1.4,1.54,1.73,1.87,2.01,2.57,-999,-999,-999,-999,2.53,2.4,2.32,2.51,3.89,3.52,3.24,3.18,3.26,3.33,3.36,3.31,3.19,3.06,2.95,2.89,2.92,3.07,3.37,3.54,3.32,2.35,1.88,1.89,1.98,2.04,2.06,2.11,2.12,2.03,2.04,2.09,2.08,1.98,1.85,1.83,1.89,1.93,2.09,2.33,2.54,2.64,2.49,2.39,2.59,2.68,2.59,2.6,2.26,1.81,1.67,1.69,1.96,2.1,2.33,2.32,2.28,2.36,2.36,2.18,1.99,1.99,2.09,2.1,1.98,1.92,1.95,1.93,1.84,1.74,1.64,1.6,1.59,1.59,1.58,1.57,1.53,1.46,1.39,1.3,1.3,1.69,2.34,3.05,4.1,3.93,3.45,2.62,2.4,2.36,2.23,2.06,1.82,-999,-999,1.55,1.6,1.95,-43.75
-46.25,1.82,2.1,2.99,2.42,2.13,1.98,1.87,1.83,1.92,2.08,2.23,2.34,2.4,2.41,2.35,2.27,2.19,2.14,2.11,2.08,2,1.88,1.77,1.71,1.65,1.56,1.47,1.41,1.36,1.31,1.22,1.2,1.23,1.27,1.35,1.44,1.49,1.54,1.66,1.82,1.99,2.32,-999,-999,-999,2.73,2.54,2.4,2.24,2.44,2.44,2.46,2.47,2.49,2.5,2.51,2.54,2.54,2.49,2.43,2.35,2.3,2.3,2.39,2.49,2.49,2.43,2.27,2.13,2.11,2.02,1.97,1.94,1.98,2.12,2.17,2.05,2,2,1.94,1.81,1.67,1.6,1.57,1.78,2.05,2.24,2.33,2.25,2.22,2.34,2.26,2.25,2.58,2.47,2.1,2.02,2.22,2.58,2.58,2.64,2.59,2.71,2.92,2.92,2.57,2.23,2.14,2.27,2.46,2.53,2.5,2.46,2.37,2.27,2.14,2,1.93,1.86,1.77,1.7,1.62,1.59,1.56,1.53,1.44,1.28,1.31,1.88,2.41,2.97,3.23,2.59,1.97,1.84,1.81,1.78,1.68,1.7,-999,1.46,1.35,1.44,1.61,-46.25
-48.75,1.39,1.77,1.83,1.73,1.58,1.49,1.38,1.24,1.22,1.36,1.59,1.81,1.99,2.1,2.11,2.05,2.02,2.02,2.08,2.17,2.18,2.09,1.97,1.91,1.9,1.85,1.71,1.55,1.47,1.45,1.43,1.42,1.43,1.46,1.52,1.59,1.63,1.66,1.7,1.79,1.99,2.22,-999,-999,-999,-999,2.43,2.22,2.1,2.08,2.18,2.3,2.28,2.22,2.19,2.23,2.25,2.26,2.26,2.22,2.13,2.06,2.02,1.98,1.95,1.9,1.81,1.67,1.62,1.68,1.7,1.72,1.61,1.6,1.78,2.08,1.93,1.75,1.8,1.88,1.81,1.61,1.46,1.34,1.39,1.59,1.74,1.83,1.84,1.78,1.78,1.86,1.88,2.03,2.17,2.09,2.15,2.36,2.42,2.37,2.26,2.46,2.7,2.82,2.77,2.57,2.37,2.21,2.13,2.25,2.41,2.51,2.54,2.52,2.5,2.4,2.27,2.2,2.11,2.02,1.96,1.9,1.85,1.86,1.9,1.91,1.83,1.59,1.44,1.57,1.34,1.15,1.24,1.25,1.18,1.24,1.37,1.34,1.45,1.21,1.2,1.31,1.22,1.27,-48.75
-51.25,1.16,1.25,1.3,1.33,1.34,1.29,1.16,0.95,0.84,0.91,1.03,1.16,1.3,1.44,1.5,1.5,1.48,1.53,1.64,1.82,1.97,1.98,1.9,1.87,1.89,1.85,1.71,1.58,1.52,1.51,1.52,1.55,1.56,1.57,1.6,1.66,1.71,1.76,1.78,1.82,1.87,2.18,-999,-999,-999,2.37,2.3,2.48,2.63,2.09,1.99,2.01,2.05,2.07,2.04,2,2.08,2.17,2.32,2.3,2.15,2,1.94,1.86,1.79,1.72,1.57,1.32,1.12,1.35,1.57,1.57,1.5,1.59,1.66,1.75,1.58,1.56,1.62,1.72,1.7,1.58,1.49,1.36,1.29,1.33,1.46,1.56,1.6,1.58,1.64,1.74,1.79,1.87,1.91,1.87,1.95,2.15,2.29,2.32,2.28,2.17,2.17,2.05,2.12,2.29,2.26,2.13,2.03,2.04,2.11,2.16,2.18,2.22,2.24,2.22,2.17,2.13,2.07,2.02,1.99,2,2.04,2.11,2.19,2.26,2.36,2.42,2.38,2.23,1.77,1.41,1.41,1.43,1.3,1.23,1.23,1.07,1.19,1.21,1.11,1.02,1,1.08,-51.25
-53.75,1.08,1.03,1.1,1.22,1.27,1.22,1.05,0.8,0.63,0.64,0.75,0.84,0.9,1,1.08,1.13,1.15,1.21,1.33,1.44,1.56,1.63,1.61,1.6,1.61,1.56,1.51,1.49,1.48,1.48,1.5,1.53,1.55,1.57,1.59,1.63,1.66,1.71,1.76,1.82,1.84,1.97,2.28,-999,-999,2.22,2.09,2.03,2.11,1.94,1.99,2.01,1.97,1.9,1.9,1.85,1.81,1.75,1.65,1.42,1.26,1.21,1.37,1.41,1.37,1.44,1.47,1.29,1.03,0.87,0.84,0.82,1.01,1.04,0.75,0.74,0.84,0.94,1.14,1.24,1.25,1.25,1.24,1.13,1.07,1.11,1.22,1.32,1.36,1.42,1.51,1.58,1.61,1.7,1.75,1.71,1.71,1.81,1.95,2.07,2.18,2.19,2.1,1.63,1.53,1.76,1.91,1.91,1.86,1.86,1.92,1.98,1.98,1.95,1.92,1.88,1.87,1.84,1.8,1.77,1.79,1.84,1.89,1.96,2.03,2.12,2.23,2.48,2.81,3.09,3,2.29,1.97,1.95,1.97,2.08,1.7,1.16,1.08,1.07,1.03,0.92,0.99,1.14,-53.75
-56.25,0.93,0.9,0.98,1.09,1.12,1.11,1.05,0.9,0.7,0.57,0.56,0.58,0.59,0.62,0.78,0.91,0.95,1.05,1.19,1.23,1.26,1.28,1.27,1.26,1.3,1.44,1.52,1.49,1.45,1.43,1.42,1.43,1.44,1.46,1.49,1.53,1.57,1.62,1.69,1.75,1.78,1.79,1.81,1.99,2.19,2.01,1.75,1.73,1.73,1.77,2.12,2.49,2.46,2.22,2.18,2.04,1.88,1.7,1.64,1.13,0.17,-0.16,0.11,0.22,0.24,0.43,0.73,1,1.02,0.76,0.53,0.43,0.44,0.47,0.49,0.46,0.48,0.57,0.67,0.72,0.76,0.71,0.71,0.77,0.87,0.95,1.01,1.04,1.06,1.13,1.21,1.26,1.3,1.4,1.49,1.55,1.58,1.63,1.7,1.76,1.73,1.67,1.43,1.14,1.29,1.5,1.55,1.52,1.54,1.58,1.62,1.64,1.58,1.52,1.49,1.48,1.51,1.56,1.61,1.64,1.68,1.74,1.75,1.74,1.75,1.81,1.89,1.96,2.09,2.25,2.61,2.62,2.43,2.36,2.31,2.68,2.47,1.63,1.09,0.87,0.77,0.8,0.95,1,-56.25
-58.75,0.62,0.56,0.61,0.68,0.73,0.74,0.73,0.66,0.51,0.35,0.51,0.76,1.09,1.32,0.92,0.87,0.88,0.94,0.94,0.95,0.97,0.97,0.98,0.99,1.03,1.12,1.23,1.32,1.37,1.4,1.42,1.41,1.4,1.42,1.45,1.46,1.48,1.52,1.59,1.67,1.73,1.76,1.76,1.74,1.73,1.53,1.49,1.49,1.56,2.09,2.98,3.79,3.53,2.26,1.54,1.74,1.07,0.41,0.68,0.56,-0.07,-0.35,-0.71,-0.94,-0.89,-0.74,-0.58,-0.34,-0.06,0.06,0.13,0.17,0.24,0.36,0.28,0.21,0.23,0.28,0.39,0.48,0.51,0.49,0.44,0.5,0.59,0.64,0.65,0.67,0.75,0.82,0.85,0.88,0.93,1.04,1.2,1.35,1.44,1.48,1.51,1.52,1.55,1.01,1.11,1.5,1.49,1.5,1.52,1.53,1.68,1.91,2.06,1.99,1.75,1.57,1.53,1.54,1.58,1.61,1.62,1.65,1.7,1.74,1.72,1.67,1.62,1.59,1.6,1.65,1.73,1.84,2.03,2.24,2.38,2.48,2.46,2.76,2.83,1.93,1.09,0.71,0.74,0.9,0.93,0.78,-58.75
-61.25,0.25,0.06,-0.04,-0.08,0,0.11,0.22,0.35,0.53,0.72,0.76,0.87,1.15,1.31,0.98,0.96,0.99,0.98,0.92,0.82,0.74,0.71,0.72,0.78,0.86,0.9,0.94,0.99,1.06,1.12,1.19,1.25,1.31,1.36,1.39,1.41,1.43,1.43,1.46,1.5,1.56,1.61,1.63,1.59,1.57,1.96,2.36,2.52,2.81,1.88,1.06,0.51,-0.16,-0.42,-0.38,-0.43,-0.42,-0.51,-0.45,-0.34,-0.3,-0.17,-0.15,-0.22,-0.19,-0.05,0.12,0.23,0.32,0.36,0.35,0.37,0.46,0.37,0.32,0.39,0.4,0.4,0.5,0.64,0.74,0.77,0.74,0.71,0.66,0.57,0.47,0.48,0.56,0.7,0.85,0.87,0.83,0.86,1,1.18,1.32,1.4,1.49,1.57,1.37,0.88,0.6,0.6,0.68,0.86,1.28,1.6,1.89,2.14,2.2,2.21,2.18,2.19,2.27,2.41,2.52,2.55,2.62,2.75,2.88,2.89,2.69,2.41,2.18,1.99,1.87,1.88,1.92,1.89,1.87,1.72,1.19,0.78,0.85,1.01,1.17,0.95,0.77,0.72,0.89,1.11,0.96,0.56,-61.25
-63.75,0.32,0.22,0.23,0.3,0.45,0.52,0.52,0.5,0.48,0.53,0.64,0.69,0.9,1.28,1.37,1.21,1.04,0.92,0.81,0.7,0.62,0.58,0.6,0.68,0.75,0.8,0.82,0.85,0.9,0.96,1.03,1.1,1.17,1.25,1.32,1.36,1.36,1.35,1.37,1.49,1.72,1.98,2.3,2.59,2.72,2.97,2.26,-999,-999,0,-0.51,-0.6,-0.46,-0.45,-0.37,-0.24,-0.11,-0.07,-0.04,-0.05,-0.03,0.02,0.05,0.04,0.04,0.1,0.14,0.2,0.24,0.26,0.31,0.35,0.3,0.18,0.17,0.24,0.29,0.33,0.37,0.49,0.63,0.73,0.77,0.76,0.64,0.47,0.39,0.49,0.78,0.98,0.76,0.34,0.21,0.27,0.36,0.47,0.54,0.52,0.47,0.39,0.35,0.34,0.32,0.26,0.24,0.44,0.91,1.25,1.35,1.2,0.95,0.86,0.81,0.96,1.49,1.8,2.01,2.23,2.44,2.54,2.73,2.74,2.44,2.13,1.76,1.16,0.68,0.58,0.55,0.46,0.41,0.24,0.12,0.14,0.11,0.1,0.13,0.12,0.1,0.26,0.6,0.91,0.77,0.51,-63.75
-66.25,0.3,0.3,0.32,0.32,0.35,0.3,0.28,0.36,0.48,0.57,0.64,0.68,0.69,0.81,1.06,1.24,1.2,0.94,0.76,0.67,0.6,0.62,0.74,0.89,0.98,1.03,1.06,1.07,1.11,1.17,1.27,1.4,1.54,1.7,1.88,2.01,2.03,1.98,2.04,2.23,2.33,2.45,2.69,2.78,2.25,-999,-999,-999,0.44,0.22,0.14,0.08,0.11,0.16,0.13,0.09,0.06,0.04,0.04,0.04,0.04,0.03,0.01,0.02,0.05,0.08,0.08,0.07,0.04,0.03,0.06,0.12,0.18,0.26,0.35,0.3,0.15,0.01,-0.05,0.01,0.18,0.31,0.37,0.41,0.42,0.44,0.52,0.57,0.6,0.58,0.54,0.43,-999,-999,-999,0.34,0.24,0.27,0.29,0.3,0.29,0.27,0.26,0.33,0.38,0.47,-999,0.46,0.41,0.4,-999,-999,-999,-999,-999,0.61,-999,-999,0.89,0.92,0.88,0.8,-999,0.67,-999,-999,-999,0.11,0.06,0.03,0.05,0.04,0.04,0.03,0.02,-0.01,-0.02,0.14,0.28,0.27,0.27,0.32,0.36,0.34,-66.25
-68.75,0.25,0.27,0.29,0.3,0.31,0.29,0.27,0.31,0.39,0.5,0.61,0.74,0.94,1.17,1.35,1.48,1.51,1.4,1.22,1.17,1.2,1.27,1.36,1.46,1.55,1.61,1.66,1.7,1.75,1.84,1.94,2.03,2.12,2.15,2.14,2.15,2.15,2.13,2.19,2.3,2.53,2.5,2.12,1.65,1.04,-999,-999,-999,0.13,0.12,0.11,0.08,0.06,0.02,-0.05,-0.08,-0.12,-0.16,-0.12,-0.05,-0.02,-0.01,0.01,0.03,0.02,-0.02,-0.07,-0.07,-0.05,-0.01,-0.03,-0.05,0.02,0.04,0.06,0.07,0.09,0.16,0.21,0.22,0.2,0.22,0.27,0.31,0.37,-999,0.6,0.66,-999,-999,-999,-999,-999,-999,-999,-999,-999,-999,-999,-999,-999,0.76,0.54,-999,-999,-999,-999,-999,-999,-999,-999,-999,-999,-999,-999,-999,-999,-999,-999,-999,-999,-999,-999,-999,-999,-999,-999,-999,-999,-999,-999,-999,-999,-999,0.11,0.06,0.03,0.02,0.02,0.02,0.02,0.06,0.16,0.21,-68.75
-71.25,0.12,0.15,0.18,0.22,0.24,0.26,0.27,0.32,0.38,0.44,0.53,0.64,0.74,0.82,0.9,0.97,1,1.01,1.01,1.03,1.11,1.21,1.28,1.34,1.39,1.43,1.46,1.5,1.56,1.64,1.55,1.29,1.22,1.23,1.37,1.56,1.74,1.89,2.03,2.2,2.4,2.47,-999,-999,-999,-999,-999,-999,0.09,0.07,0.07,0.02,-0.03,-0.14,-0.28,-0.36,-0.41,-0.42,-0.35,-0.26,-0.2,-0.08,0.06,0.16,0.29,0.38,0.37,-999,-999,-999,-999,-999,-999,-999,-999,-999,-999,-999,-999,-999,-999,-999,-999,-999,-999,-999,-999,-999,-999,-999,-999,-999,-999,-999,-999,-999,-999,-999,-999,-999,-999,-999,-999,-999,-999,-999,-999,-999,-999,-999,-999,-999,-999,-999,-999,-999,-999,-999,-999,-999,-999,-999,-999,-999,-999,-999,-999,-999,-999,-999,-999,-999,-999,-999,-999,-999,-999,-999,-999,-999,-0.04,0.04,0.05,0.09,-71.25
-73.75,0.09,0.17,0.22,0.23,0.25,0.26,0.28,0.29,0.32,0.36,0.41,0.46,0.52,0.57,0.62,0.67,0.73,0.72,0.71,0.67,0.68,-999,-999,-999,-999,0.83,-999,0.91,0.88,0.79,0.7,-999,-999,-999,-999,-999,-999,-999,-999,-999,-999,-999,-999,-999,-999,-999,-999,-999,0.1,0.1,0.08,0.05,0.03,-0.02,-0.18,-0.33,-0.39,-0.35,-0.24,0,0.15,0.24,0.3,-999,-999,-999,-999,-999,-999,-999,-999,-999,-999,-999,-999,-999,-999,-999,-999,-999,-999,-999,-999,-999,-999,-999,-999,-999,-999,-999,-999,-999,-999,-999,-999,-999,-999,-999,-999,-999,-999,-999,-999,-999,-999,-999,-999,-999,-999,-999,-999,-999,-999,-999,-999,-999,-999,-999,-999,-999,-999,-999,-999,-999,-999,-999,-999,-999,-999,-999,-999,-999,-999,-999,-999,-999,-999,-999,-999,0,-0.01,-0.01,0,0.02,-73.75
-76.25,0.1,0.06,0.06,0.13,0.21,0.27,0.35,0.41,0.46,0.51,0.57,0.61,-999,-999,-999,-999,-999,-999,-999,-999,-999,-999,-999,-999,-999,-999,-999,-999,-999,-999,-999,-999,-999,-999,-999,-999,-999,-999,-999,-999,-999,-999,-999,-999,-999,-999,-999,-999,-999,-999,-999,0.09,0.08,0.09,0.08,0.04,0.02,0.03,0.1,0.18,-999,-999,-999,-999,-999,-999,-999,-999,-999,-999,-999,-999,-999,-999,-999,-999,-999,-999,-999,-999,-999,-999,-999,-999,-999,-999,-999,-999,-999,-999,-999,-999,-999,-999,-999,-999,-999,-999,-999,-999,-999,-999,-999,-999,-999,-999,-999,-999,-999,-999,-999,-999,-999,-999,-999,-999,-999,-999,-999,-999,-999,-999,-999,-999,-999,-999,-999,-999,-999,-999,-999,-999,-999,-999,-999,-999,-999,0.75,0.52,0.04,0.14,0.09,0,0,-76.25
-78.75,-999,-999,-999,-999,-999,-999,-999,-999,-999,-999,-999,-999,-999,-999,-999,-999,-999,-999,-999,-999,-999,-999,-999,-999,-999,-999,-999,-999,-999,-999,-999,-999,-999,-999,-999,-999,-999,-999,-999,-999,-999,-999,-999,-999,-999,-999,-999,-999,-999,-999,-999,-999,-999,-999,-999,-999,-999,-999,-999,-999,-999,-999,-999,-999,-999,-999,-999,-999,-999,-999,-999,-999,-999,-999,-999,-999,-999,-999,-999,-999,-999,-999,-999,-999,-999,-999,-999,-999,-999,-999,-999,-999,-999,-999,-999,-999,-999,-999,-999,-999,-999,-999,-999,-999,-999,-999,-999,-999,-999,-999,-999,-999,-999,-999,-999,-999,-999,-999,-999,-999,-999,-999,-999,-999,-999,-999,-999,-999,-999,-999,-999,-999,-999,-999,-999,-999,-999,-999,-999,-999,-999,-999,-999,-999,-78.75
-81.25,-999,-999,-999,-999,-999,-999,-999,-999,-999,-999,-999,-999,-999,-999,-999,-999,-999,-999,-999,-999,-999,-999,-999,-999,-999,-999,-999,-999,-999,-999,-999,-999,-999,-999,-999,-999,-999,-999,-999,-999,-999,-999,-999,-999,-999,-999,-999,-999,-999,-999,-999,-999,-999,-999,-999,-999,-999,-999,-999,-999,-999,-999,-999,-999,-999,-999,-999,-999,-999,-999,-999,-999,-999,-999,-999,-999,-999,-999,-999,-999,-999,-999,-999,-999,-999,-999,-999,-999,-999,-999,-999,-999,-999,-999,-999,-999,-999,-999,-999,-999,-999,-999,-999,-999,-999,-999,-999,-999,-999,-999,-999,-999,-999,-999,-999,-999,-999,-999,-999,-999,-999,-999,-999,-999,-999,-999,-999,-999,-999,-999,-999,-999,-999,-999,-999,-999,-999,-999,-999,-999,-999,-999,-999,-999,-81.25
-83.75,-999,-999,-999,-999,-999,-999,-999,-999,-999,-999,-999,-999,-999,-999,-999,-999,-999,-999,-999,-999,-999,-999,-999,-999,-999,-999,-999,-999,-999,-999,-999,-999,-999,-999,-999,-999,-999,-999,-999,-999,-999,-999,-999,-999,-999,-999,-999,-999,-999,-999,-999,-999,-999,-999,-999,-999,-999,-999,-999,-999,-999,-999,-999,-999,-999,-999,-999,-999,-999,-999,-999,-999,-999,-999,-999,-999,-999,-999,-999,-999,-999,-999,-999,-999,-999,-999,-999,-999,-999,-999,-999,-999,-999,-999,-999,-999,-999,-999,-999,-999,-999,-999,-999,-999,-999,-999,-999,-999,-999,-999,-999,-999,-999,-999,-999,-999,-999,-999,-999,-999,-999,-999,-999,-999,-999,-999,-999,-999,-999,-999,-999,-999,-999,-999,-999,-999,-999,-999,-999,-999,-999,-999,-999,-999,-83.75
-86.25,-999,-999,-999,-999,-999,-999,-999,-999,-999,-999,-999,-999,-999,-999,-999,-999,-999,-999,-999,-999,-999,-999,-999,-999,-999,-999,-999,-999,-999,-999,-999,-999,-999,-999,-999,-999,-999,-999,-999,-999,-999,-999,-999,-999,-999,-999,-999,-999,-999,-999,-999,-999,-999,-999,-999,-999,-999,-999,-999,-999,-999,-999,-999,-999,-999,-999,-999,-999,-999,-999,-999,-999,-999,-999,-999,-999,-999,-999,-999,-999,-999,-999,-999,-999,-999,-999,-999,-999,-999,-999,-999,-999,-999,-999,-999,-999,-999,-999,-999,-999,-999,-999,-999,-999,-999,-999,-999,-999,-999,-999,-999,-999,-999,-999,-999,-999,-999,-999,-999,-999,-999,-999,-999,-999,-999,-999,-999,-999,-999,-999,-999,-999,-999,-999,-999,-999,-999,-999,-999,-999,-999,-999,-999,-999,-86.25
-88.75,-999,-999,-999,-999,-999,-999,-999,-999,-999,-999,-999,-999,-999,-999,-999,-999,-999,-999,-999,-999,-999,-999,-999,-999,-999,-999,-999,-999,-999,-999,-999,-999,-999,-999,-999,-999,-999,-999,-999,-999,-999,-999,-999,-999,-999,-999,-999,-999,-999,-999,-999,-999,-999,-999,-999,-999,-999,-999,-999,-999,-999,-999,-999,-999,-999,-999,-999,-999,-999,-999,-999,-999,-999,-999,-999,-999,-999,-999,-999,-999,-999,-999,-999,-999,-999,-999,-999,-999,-999,-999,-999,-999,-999,-999,-999,-999,-999,-999,-999,-999,-999,-999,-999,-999,-999,-999,-999,-999,-999,-999,-999,-999,-999,-999,-999,-999,-999,-999,-999,-999,-999,-999,-999,-999,-999,-999,-999,-999,-999,-999,-999,-999,-999,-999,-999,-999,-999,-999,-999,-999,-999,-999,-999,-999,-88.75
1,-178.75,-176.25,-173.75,-171.25,-168.75,-166.25,-163.75,-161.25,-158.75,-156.25,-153.75,-151.25,-148.75,-146.25,-143.75,-141.25,-138.75,-136.25,-133.75,-131.25,-128.75,-126.25,-123.75,-121.25,-118.75,-116.25,-113.75,-111.25,-108.75,-106.25,-103.75,-101.25,-98.75,-96.25,-93.75,-91.25,-88.75,-86.25,-83.75,-81.25,-78.75,-76.25,-73.75,-71.25,-68.75,-66.25,-63.75,-61.25,-58.75,-56.25,-53.75,-51.25,-48.75,-46.25,-43.75,-41.25,-38.75,-36.25,-33.75,-31.25,-28.75,-26.25,-23.75,-21.25,-18.75,-16.25,-13.75,-11.25,-8.75,-6.25,-3.75,-1.25,1.25,3.75,6.25,8.75,11.25,13.75,16.25,18.75,21.25,23.75,26.25,28.75,31.25,33.75,36.25,38.75,41.25,43.75,46.25,48.75,51.25,53.75,56.25,58.75,61.25,63.75,66.25,68.75,71.25,73.75,76.25,78.75,81.25,83.75,86.25,88.75,91.25,93.75,96.25,98.75,101.25,103.75,106.25,108.75,111.25,113.75,116.25,118.75,121.25,123.75,126.25,128.75,131.25,133.75,136.25,138.75,141.25,143.75,146.25,148.75,151.25,153.75,156.25,158.75,161.25,163.75,166.25,168.75,171.25,173.75,176.25,178.75,2
