scenario,year,value.Ca,units.Ca,value.Ftot,units.Ftot,value.Tgav,units.Tgav,value.pH_HL,units.pH_HL,value.pH_LL,units.pH_LL
gas_paris_med,1745,276.0896714,ppmv CO2,0,W/m2,0,degC,0,(undefined),0,(undefined)
gas_paris_med,1746,276.0896714,ppmv CO2,0,W/m2,0,degC,8.243851445,pH,8.188464209,pH
gas_paris_med,1747,276.0918154,ppmv CO2,0,W/m2,0,degC,8.243859894,pH,8.188465493,pH
gas_paris_med,1748,276.0936326,ppmv CO2,0,W/m2,0,degC,8.243862751,pH,8.188465357,pH
gas_paris_med,1749,276.0952654,ppmv CO2,0,W/m2,0,degC,8.243857692,pH,8.188464357,pH
gas_paris_med,1750,276.0968237,ppmv CO2,0,W/m2,0,degC,8.243851688,pH,8.188463007,pH
gas_paris_med,1751,276.0983369,ppmv CO2,-0.000528076,W/m2,-4.57E-05,degC,8.243850316,pH,8.188461546,pH
gas_paris_med,1752,276.0997839,ppmv CO2,-0.001026018,W/m2,-0.000127198,degC,8.243852619,pH,8.188460783,pH
gas_paris_med,1753,276.1010976,ppmv CO2,-0.001501026,W/m2,-0.000231894,degC,8.243853378,pH,8.188460378,pH
gas_paris_med,1754,276.1022763,ppmv CO2,-0.001957507,W/m2,-0.000352513,degC,8.243851127,pH,8.188460076,pH
gas_paris_med,1755,276.103344,ppmv CO2,-0.002398469,W/m2,-0.0004845,degC,8.24384865,pH,8.188459807,pH
gas_paris_med,1756,276.1043085,ppmv CO2,-0.002826636,W/m2,-0.000624893,degC,8.243848298,pH,8.188459567,pH
gas_paris_med,1757,276.1051627,ppmv CO2,-0.003244605,W/m2,-0.000771736,degC,8.2438493,pH,8.188459378,pH
gas_paris_med,1758,276.1059048,ppmv CO2,-0.003654534,W/m2,-0.000923719,degC,8.243849603,pH,8.188459259,pH
gas_paris_med,1759,276.1065462,ppmv CO2,-0.004058054,W/m2,-0.001079941,degC,8.243848687,pH,8.188459222,pH
gas_paris_med,1760,276.1071003,ppmv CO2,-0.004456526,W/m2,-0.001239771,degC,8.243847741,pH,8.188459267,pH
gas_paris_med,1761,276.1075715,ppmv CO2,-0.004851286,W/m2,-0.001402782,degC,8.243847753,pH,8.188459395,pH
gas_paris_med,1762,276.1079575,ppmv CO2,-0.005243626,W/m2,-0.001568705,degC,8.243848405,pH,8.188459607,pH
gas_paris_med,1763,276.1082583,ppmv CO2,-0.005634643,W/m2,-0.001737375,degC,8.24384883,pH,8.188459906,pH
gas_paris_med,1764,276.1084794,ppmv CO2,-0.006025187,W/m2,-0.001908695,degC,8.243848801,pH,8.188460291,pH
gas_paris_med,1765,276.1086275,ppmv CO2,-0.006415975,W/m2,-0.002082612,degC,8.24384881,pH,8.188460759,pH
gas_paris_med,1766,276.1087054,ppmv CO2,0.109768157,W/m2,0.007832621,degC,8.243849269,pH,8.188461309,pH
gas_paris_med,1767,276.109938,ppmv CO2,0.225883824,W/m2,0.026211662,degC,8.24368509,pH,8.188306349,pH
gas_paris_med,1768,276.1254567,ppmv CO2,0.191146368,W/m2,0.037570133,degC,8.243465096,pH,8.188072512,pH
gas_paris_med,1769,276.1600081,ppmv CO2,0.126233142,W/m2,0.039929589,degC,8.243463264,pH,8.188016693,pH
gas_paris_med,1770,276.1984035,ppmv CO2,0.122714553,W/m2,0.041210088,degC,8.243563565,pH,8.188093746,pH
gas_paris_med,1771,276.2307331,ppmv CO2,0.176014635,W/m2,0.047339471,degC,8.243549762,pH,8.188128986,pH
gas_paris_med,1772,276.2611452,ppmv CO2,0.211830863,W/m2,0.055874111,degC,8.243411212,pH,8.188050319,pH
gas_paris_med,1773,276.2979233,ppmv CO2,0.225941715,W/m2,0.063968722,degC,8.243308422,pH,8.187941303,pH
gas_paris_med,1774,276.3417841,ppmv CO2,0.231479948,W/m2,0.070843831,degC,8.243275728,pH,8.187856764,pH
gas_paris_med,1775,276.3899701,ppmv CO2,0.232761809,W/m2,0.076477133,degC,8.243238142,pH,8.187796205,pH
gas_paris_med,1776,276.4405453,ppmv CO2,0.234120144,W/m2,0.081229225,degC,8.243160853,pH,8.187748086,pH
gas_paris_med,1777,276.4926294,ppmv CO2,0.23553384,W/m2,0.085365019,degC,8.243075093,pH,8.187701214,pH
gas_paris_med,1778,276.5458818,ppmv CO2,0.236992759,W/m2,0.089048334,degC,8.243017329,pH,8.18765143,pH
gas_paris_med,1779,276.600005,ppmv CO2,0.238488058,W/m2,0.092387028,degC,8.24297908,pH,8.187598321,pH
gas_paris_med,1780,276.6548335,ppmv CO2,0.240013854,W/m2,0.095455631,degC,8.242928216,pH,8.187542514,pH
gas_paris_med,1781,276.7104211,ppmv CO2,0.241568862,W/m2,0.098307893,degC,8.242853962,pH,8.187484648,pH
gas_paris_med,1782,276.7671023,ppmv CO2,0.22128254,W/m2,0.099090601,degC,8.242774043,pH,8.187425073,pH
gas_paris_med,1783,276.8248236,ppmv CO2,0.131027114,W/m2,0.092078625,degC,8.242736371,pH,8.18739309,pH
gas_paris_med,1784,276.8809376,ppmv CO2,0.058249935,W/m2,0.080234091,degC,8.242816585,pH,8.187467669,pH
gas_paris_med,1785,276.9271481,ppmv CO2,0.116539488,W/m2,0.076408771,degC,8.242898779,pH,8.187568744,pH
gas_paris_med,1786,276.9621674,ppmv CO2,0.205244914,W/m2,0.082122796,degC,8.24277444,pH,8.187496843,pH
gas_paris_med,1787,277.0000263,ppmv CO2,0.241511395,W/m2,0.090175305,degC,8.242554402,pH,8.187298068,pH
gas_paris_med,1788,277.0497273,ppmv CO2,0.247386989,W/m2,0.096738045,degC,8.242428125,pH,8.187128823,pH
gas_paris_med,1789,277.1079219,ppmv CO2,0.144056303,W/m2,0.092678624,degC,8.242375669,pH,8.187028896,pH
gas_paris_med,1790,277.1691885,ppmv CO2,-0.002960925,W/m2,0.076233505,degC,8.242451544,pH,8.187103964,pH
gas_paris_med,1791,277.2203988,ppmv CO2,0.033581511,W/m2,0.066433491,degC,8.242609367,pH,8.187315703,pH
gas_paris_med,1792,277.2523343,ppmv CO2,0.166005522,W/m2,0.071455493,degC,8.242538042,pH,8.187330121,pH
gas_paris_med,1793,277.2813988,ppmv CO2,0.232752519,W/m2,0.08199183,degC,8.242282219,pH,8.187104927,pH
gas_paris_med,1794,277.3249403,ppmv CO2,0.242907037,W/m2,0.090787259,degC,8.242119376,pH,8.186875086,pH
gas_paris_med,1795,277.3815948,ppmv CO2,0.222692546,W/m2,0.095389773,degC,8.24206827,pH,8.186745966,pH
gas_paris_med,1796,277.4433021,ppmv CO2,0.220078438,W/m2,0.098460571,degC,8.242024719,pH,8.186705527,pH
gas_paris_med,1797,277.5039731,ppmv CO2,0.243697268,W/m2,0.103020579,degC,8.241921726,pH,8.186672745,pH
gas_paris_med,1798,277.563874,ppmv CO2,0.26292926,W/m2,0.108539083,degC,8.241796008,pH,8.186597132,pH
gas_paris_med,1799,277.6259849,ppmv CO2,0.269081948,W/m2,0.113542125,degC,8.241718268,pH,8.186503907,pH
gas_paris_med,1800,277.6905886,ppmv CO2,0.270910914,W/m2,0.117697403,degC,8.241675344,pH,8.186422922,pH
gas_paris_med,1801,277.756564,ppmv CO2,0.272769713,W/m2,0.121249121,degC,8.241607399,pH,8.186354135,pH
gas_paris_med,1802,277.823099,ppmv CO2,0.274642902,W/m2,0.12438942,degC,8.241504673,pH,8.186288548,pH
gas_paris_med,1803,277.8903254,ppmv CO2,0.276533267,W/m2,0.127234472,degC,8.241407195,pH,8.186222003,pH
gas_paris_med,1804,277.9578651,ppmv CO2,0.278433791,W/m2,0.129858887,degC,8.241337127,pH,8.186153575,pH
gas_paris_med,1805,278.0250886,ppmv CO2,0.280332666,W/m2,0.132312349,degC,8.241276548,pH,8.18608378,pH
gas_paris_med,1806,278.092202,ppmv CO2,0.282234187,W/m2,0.134630283,degC,8.241200342,pH,8.186013146,pH
gas_paris_med,1807,278.1595465,ppmv CO2,0.284145258,W/m2,0.136839227,degC,8.241108481,pH,8.185941903,pH
gas_paris_med,1808,278.2271934,ppmv CO2,-0.203932361,W/m2,0.096540987,degC,8.241018467,pH,8.185870089,pH
gas_paris_med,1809,278.2948772,ppmv CO2,-1.343878423,W/m2,-0.035873584,degC,8.241636788,pH,8.186450083,pH
gas_paris_med,1810,278.3115075,ppmv CO2,-1.745424482,W/m2,-0.177216553,degC,8.243418459,pH,8.188223685,pH
gas_paris_med,1811,278.188855,ppmv CO2,-0.955266477,W/m2,-0.214854517,degC,8.243066042,pH,8.188653278,pH
gas_paris_med,1812,277.9850825,ppmv CO2,-0.289162972,W/m2,-0.1792476,degC,8.243176477,pH,8.188521717,pH
gas_paris_med,1813,277.8273561,ppmv CO2,-0.099042645,W/m2,-0.135830251,degC,8.242596319,pH,8.187698687,pH
gas_paris_med,1814,277.7610472,ppmv CO2,-0.629029488,W/m2,-0.153048359,degC,8.242181725,pH,8.187103689,pH
gas_paris_med,1815,277.7568892,ppmv CO2,-2.102810455,W/m2,-0.30089937,degC,8.242499392,pH,8.18740295,pH
gas_paris_med,1816,277.7258361,ppmv CO2,-2.61459999,W/m2,-0.467625658,degC,8.244024796,pH,8.189147927,pH
gas_paris_med,1817,277.5364803,ppmv CO2,-1.44943025,W/m2,-0.492822428,degC,8.245327285,pH,8.190693597,pH
gas_paris_med,1818,277.2264976,ppmv CO2,-0.32157979,W/m2,-0.405535837,degC,8.245012022,pH,8.1903217,pH
gas_paris_med,1819,276.9869959,ppmv CO2,0.129511647,W/m2,-0.299284124,degC,8.243928061,pH,8.188929439,pH
gas_paris_med,1820,276.9042496,ppmv CO2,0.259890329,W/m2,-0.212559097,degC,8.243088643,pH,8.187799711,pH
gas_paris_med,1821,276.9379669,ppmv CO2,0.270031274,W/m2,-0.150116916,degC,8.242626133,pH,8.187191027,pH
gas_paris_med,1822,277.0290571,ppmv CO2,0.272543243,W/m2,-0.104534863,degC,8.242405204,pH,8.18694416,pH
gas_paris_med,1823,277.139147,ppmv CO2,0.275435086,W/m2,-0.069833768,degC,8.242276992,pH,8.186849675,pH
gas_paris_med,1824,277.2524222,ppmv CO2,0.278401875,W/m2,-0.042481811,degC,8.242174693,pH,8.186799218,pH
gas_paris_med,1825,277.3635889,ppmv CO2,0.281342133,W/m2,-0.020315948,degC,8.242075398,pH,8.186751723,pH
gas_paris_med,1826,277.4716375,ppmv CO2,0.284237133,W/m2,-0.001936312,degC,8.241971786,pH,8.186694169,pH
gas_paris_med,1827,277.576836,ppmv CO2,0.28709285,W/m2,0.013602387,degC,8.241862465,pH,8.186624349,pH
gas_paris_med,1828,277.6797579,ppmv CO2,0.285546142,W/m2,0.026581588,degC,8.241748058,pH,8.186543687,pH
gas_paris_med,1829,277.7809201,ppmv CO2,0.253357787,W/m2,0.034884816,degC,8.241633724,pH,8.18645905,pH
gas_paris_med,1830,277.8800704,ppmv CO2,0.041773759,W/m2,0.023847542,degC,8.241546453,pH,8.186401969,pH
gas_paris_med,1831,277.9757099,ppmv CO2,-0.331733924,W/m2,-0.017101985,degC,8.241633238,pH,8.18654174,pH
gas_paris_med,1832,278.0488666,ppmv CO2,-0.416904386,W/m2,-0.056400522,degC,8.241960566,pH,8.186960006,pH
gas_paris_med,1833,278.0740442,ppmv CO2,-0.113601957,W/m2,-0.058372756,degC,8.242163627,pH,8.18723713,pH
gas_paris_med,1834,278.0701202,ppmv CO2,-0.274587268,W/m2,-0.070795224,degC,8.241960954,pH,8.187024303,pH
gas_paris_med,1835,278.0860921,ppmv CO2,-0.916416716,W/m2,-0.137971358,degC,8.241974861,pH,8.187021155,pH
gas_paris_med,1836,278.0994104,ppmv CO2,-0.875773212,W/m2,-0.189881208,degC,8.242552482,pH,8.187675852,pH
gas_paris_med,1837,278.0495026,ppmv CO2,-0.276321139,W/m2,-0.175251428,degC,8.242815248,pH,8.188002866,pH
gas_paris_med,1838,277.9747929,ppmv CO2,0.117054395,W/m2,-0.126395408,degC,8.242407308,pH,8.187526096,pH
gas_paris_med,1839,277.9528417,ppmv CO2,0.253347109,W/m2,-0.077998976,degC,8.241854466,pH,8.186836314,pH
gas_paris_med,1840,277.9980372,ppmv CO2,0.255335196,W/m2,-0.043029659,degC,8.241463489,pH,8.186346493,pH
gas_paris_med,1841,278.0852671,ppmv CO2,0.253785987,W/m2,-0.017964226,degC,8.241252881,pH,8.186106048,pH
gas_paris_med,1842,278.1874485,ppmv CO2,0.270054,W/m2,0.002392692,degC,8.241115615,pH,8.185983012,pH
gas_paris_med,1843,278.2924635,ppmv CO2,0.251407102,W/m2,0.016853751,degC,8.240985883,pH,8.185881602,pH
gas_paris_med,1844,278.3979465,ppmv CO2,0.241550931,W/m2,0.027544814,degC,8.240885067,pH,8.185814212,pH
gas_paris_med,1845,278.5002584,ppmv CO2,0.275416761,W/m2,0.039427502,degC,8.240789397,pH,8.185752439,pH
gas_paris_med,1846,278.5994722,ppmv CO2,0.309257301,W/m2,0.05253141,degC,8.240654443,pH,8.185643323,pH
gas_paris_med,1847,278.6995305,ppmv CO2,0.325649571,W/m2,0.064876829,degC,8.240498095,pH,8.18550462,pH
gas_paris_med,1848,278.8025622,ppmv CO2,0.333385679,W/m2,0.075721508,degC,8.240346338,pH,8.185368846,pH
gas_paris_med,1849,278.9078955,ppmv CO2,0.320379021,W/m2,0.083624007,degC,8.24020336,pH,8.185243797,pH
gas_paris_med,1850,279.0141001,ppmv CO2,0.299895355,W/m2,0.088547834,degC,8.240081624,pH,8.185143806,pH
gas_paris_med,1851,279.1192193,ppmv CO2,0.304294868,W/m2,0.093385684,degC,8.239976466,pH,8.185064144,pH
gas_paris_med,1852,279.2178138,ppmv CO2,0.323143029,W/m2,0.099595717,degC,8.239860253,pH,8.184969534,pH
gas_paris_med,1853,279.3224497,ppmv CO2,0.340909771,W/m2,0.106726712,degC,8.239718223,pH,8.184845328,pH
gas_paris_med,1854,279.4360833,ppmv CO2,0.352185618,W/m2,0.11386912,degC,8.239561203,pH,8.184705628,pH
gas_paris_med,1855,279.5487931,ppmv CO2,0.224510189,W/m2,0.108903446,degC,8.23940571,pH,8.184566375,pH
gas_paris_med,1856,279.6604127,ppmv CO2,-0.23059165,W/m2,0.065441356,degC,8.239423201,pH,8.184586831,pH
gas_paris_med,1857,279.7574458,ppmv CO2,-0.481825025,W/m2,0.008584231,degC,8.239818794,pH,8.18503978,pH
gas_paris_med,1858,279.8012182,ppmv CO2,-0.168018253,W/m2,-0.007019369,degC,8.24011894,pH,8.185499597,pH
gas_paris_med,1859,279.7962878,ppmv CO2,0.158137519,W/m2,0.012859966,degC,8.239861795,pH,8.185320609,pH
gas_paris_med,1860,279.8079229,ppmv CO2,0.280964696,W/m2,0.039601921,degC,8.239463067,pH,8.184803427,pH
gas_paris_med,1861,279.8664401,ppmv CO2,0.270652723,W/m2,0.05791342,degC,8.239182906,pH,8.18438669,pH
gas_paris_med,1862,279.9585482,ppmv CO2,0.187284298,W/m2,0.063385593,degC,8.239016327,pH,8.184185738,pH
gas_paris_med,1863,280.0470376,ppmv CO2,0.200193103,W/m2,0.067891369,degC,8.238962075,pH,8.184168282,pH
gas_paris_med,1864,280.1157393,ppmv CO2,0.283398783,W/m2,0.079062668,degC,8.238877777,pH,8.184127424,pH
gas_paris_med,1865,280.1830545,ppmv CO2,0.330698725,W/m2,0.092526404,degC,8.238719571,pH,8.183981477,pH
gas_paris_med,1866,280.2587947,ppmv CO2,0.350872233,W/m2,0.104857897,degC,8.238569574,pH,8.18382067,pH
gas_paris_med,1867,280.3419508,ppmv CO2,0.360370423,W/m2,0.115326766,degC,8.23843599,pH,8.183687603,pH
gas_paris_med,1868,280.428961,ppmv CO2,0.361887064,W/m2,0.123806969,degC,8.238312423,pH,8.183578059,pH
gas_paris_med,1869,280.5174062,ppmv CO2,0.352994306,W/m2,0.129954114,degC,8.238200797,pH,8.183484991,pH
gas_paris_med,1870,280.6053327,ppmv CO2,0.348064391,W/m2,0.13468532,degC,8.238104287,pH,8.183408626,pH
gas_paris_med,1871,280.6911854,ppmv CO2,0.347288354,W/m2,0.138788291,degC,8.2380084,pH,8.183334361,pH
gas_paris_med,1872,280.7798076,ppmv CO2,0.33437548,W/m2,0.141378654,degC,8.237910463,pH,8.183251698,pH
gas_paris_med,1873,280.8924026,ppmv CO2,0.321261013,W/m2,0.142678055,degC,8.237812053,pH,8.183165792,pH
gas_paris_med,1874,281.0238074,ppmv CO2,0.330719431,W/m2,0.14495732,degC,8.237682861,pH,8.183070623,pH
gas_paris_med,1875,281.1498788,ppmv CO2,0.325552431,W/m2,0.146843611,degC,8.237524371,pH,8.182946351,pH
gas_paris_med,1876,281.2739897,ppmv CO2,0.286922443,W/m2,0.145316023,degC,8.23741818,pH,8.182867029,pH
gas_paris_med,1877,281.3997847,ppmv CO2,0.285431258,W/m2,0.144178756,degC,8.237420697,pH,8.182784405,pH
gas_paris_med,1878,281.5196947,ppmv CO2,0.320541288,W/m2,0.146857161,degC,8.237340972,pH,8.182675629,pH
gas_paris_med,1879,281.6361779,ppmv CO2,0.345645609,W/m2,0.151675583,degC,8.237094234,pH,8.182504909,pH
gas_paris_med,1880,281.7575981,ppmv CO2,0.363262543,W/m2,0.157208761,degC,8.236837057,pH,8.182321773,pH
gas_paris_med,1881,281.8900168,ppmv CO2,0.373318432,W/m2,0.162569334,degC,8.236669581,pH,8.182147952,pH
gas_paris_med,1882,282.0346181,ppmv CO2,0.264933184,W/m2,0.157540502,degC,8.236550745,pH,8.181985475,pH
gas_paris_med,1883,282.17468,ppmv CO2,-0.64523603,W/m2,0.074454125,degC,8.236543766,pH,8.181984216,pH
gas_paris_med,1884,282.2955005,ppmv CO2,-1.376665127,W/m2,-0.057568962,degC,8.237686132,pH,8.183131889,pH
gas_paris_med,1885,282.3173516,ppmv CO2,-0.781788521,W/m2,-0.108000505,degC,8.23766029,pH,8.183817256,pH
gas_paris_med,1886,282.2305588,ppmv CO2,-0.28646678,W/m2,-0.096559696,degC,8.237812304,pH,8.183866927,pH
gas_paris_med,1887,282.1583259,ppmv CO2,-0.159135568,W/m2,-0.076327268,degC,8.237371697,pH,8.183270987,pH
gas_paris_med,1888,282.1490514,ppmv CO2,-0.047276388,W/m2,-0.054543352,degC,8.237039007,pH,8.182812479,pH
gas_paris_med,1889,282.1896729,ppmv CO2,-0.111197243,W/m2,-0.04552727,degC,8.236778349,pH,8.182481098,pH
gas_paris_med,1890,282.2608591,ppmv CO2,-0.162103969,W/m2,-0.045458,degC,8.236684875,pH,8.182374512,pH
gas_paris_med,1891,282.3384874,ppmv CO2,-0.091308715,W/m2,-0.040414594,degC,8.236655599,pH,8.182368422,pH
gas_paris_med,1892,282.4163828,ppmv CO2,0.083414364,W/m2,-0.021354182,degC,8.236538757,pH,8.182272376,pH
gas_paris_med,1893,282.5005254,ppmv CO2,0.23163932,W/m2,0.006509632,degC,8.236280645,pH,8.182009375,pH
gas_paris_med,1894,282.6021079,ppmv CO2,0.341612059,W/m2,0.037223516,degC,8.235972835,pH,8.181682205,pH
gas_paris_med,1895,282.7285838,ppmv CO2,0.335018678,W/m2,0.059936885,degC,8.235665849,pH,8.181361764,pH
gas_paris_med,1896,282.8831077,ppmv CO2,0.191035573,W/m2,0.06428457,degC,8.235445643,pH,8.181155437,pH
gas_paris_med,1897,283.0483536,ppmv CO2,0.111209148,W/m2,0.059996602,degC,8.23538107,pH,8.181143667,pH
gas_paris_med,1898,283.2037713,ppmv CO2,0.214773845,W/m2,0.066215883,degC,8.235332936,pH,8.181162948,pH
gas_paris_med,1899,283.3498055,ppmv CO2,0.328353065,W/m2,0.082453949,degC,8.2351248,pH,8.180994751,pH
gas_paris_med,1900,283.5093755,ppmv CO2,0.38074763,W/m2,0.10030354,degC,8.234820252,pH,8.180702566,pH
gas_paris_med,1901,283.6925572,ppmv CO2,0.369300591,W/m2,0.113189959,degC,8.234518519,pH,8.18041154,pH
gas_paris_med,1902,283.9019781,ppmv CO2,-0.080069057,W/m2,0.084190273,degC,8.234260935,pH,8.180183346,pH
gas_paris_med,1903,284.1247404,ppmv CO2,-0.474773153,W/m2,0.025441429,degC,8.234401979,pH,8.180424364,pH
gas_paris_med,1904,284.3156433,ppmv CO2,-0.181294048,W/m2,0.005635126,degC,8.234699193,pH,8.180870568,pH
gas_paris_med,1905,284.4610002,ppmv CO2,0.175026916,W/m2,0.025487048,degC,8.234635478,pH,8.180789175,pH
gas_paris_med,1906,284.6167331,ppmv CO2,0.271060587,W/m2,0.05048518,degC,8.233910891,pH,8.180116803,pH
gas_paris_med,1907,284.8418045,ppmv CO2,0.246367542,W/m2,0.066101436,degC,8.233478976,pH,8.179563675,pH
gas_paris_med,1908,285.1226896,ppmv CO2,0.258344902,W/m2,0.077824556,degC,8.233160599,pH,8.179219968,pH
gas_paris_med,1909,285.4117155,ppmv CO2,0.32495173,W/m2,0.092481302,degC,8.232785081,pH,8.178926161,pH
gas_paris_med,1910,285.6954604,ppmv CO2,0.360264367,W/m2,0.107272361,degC,8.232385946,pH,8.178580625,pH
gas_paris_med,1911,285.9940571,ppmv CO2,0.373625346,W/m2,0.119988795,degC,8.232008701,pH,8.178233334,pH
gas_paris_med,1912,286.2903649,ppmv CO2,0.137081067,W/m2,0.109510167,degC,8.231638757,pH,8.177913809,pH
gas_paris_med,1913,286.5770623,ppmv CO2,0.036015637,W/m2,0.091594442,degC,8.231544631,pH,8.177880404,pH
gas_paris_med,1914,286.8431764,ppmv CO2,0.254574843,W/m2,0.097555715,degC,8.231387201,pH,8.177847211,pH
gas_paris_med,1915,287.065122,ppmv CO2,0.363977899,W/m2,0.114024837,degC,8.23090433,pH,8.177456921,pH
gas_paris_med,1916,287.2692003,ppmv CO2,0.397311171,W/m2,0.129759986,degC,8.230508233,pH,8.177017216,pH
gas_paris_med,1917,287.4993959,ppmv CO2,0.411582305,W/m2,0.142824628,degC,8.230186462,pH,8.176661935,pH
gas_paris_med,1918,287.7622832,ppmv CO2,0.423693663,W/m2,0.153953164,degC,8.229849865,pH,8.176359812,pH
gas_paris_med,1919,288.0313176,ppmv CO2,0.42287143,W/m2,0.162749513,degC,8.229505853,pH,8.176078792,pH
gas_paris_med,1920,288.2632157,ppmv CO2,0.344570742,W/m2,0.163112107,degC,8.229206247,pH,8.175833354,pH
gas_paris_med,1921,288.4927346,ppmv CO2,0.327685013,W/m2,0.161955469,degC,8.229032609,pH,8.175686393,pH
gas_paris_med,1922,288.7159273,ppmv CO2,0.411124955,W/m2,0.1690451,degC,8.228790501,pH,8.175523699,pH
gas_paris_med,1923,288.9146998,ppmv CO2,0.430053965,W/m2,0.177307466,degC,8.228469656,pH,8.175241352,pH
gas_paris_med,1924,289.1535083,ppmv CO2,0.415479876,W/m2,0.182658596,degC,8.228187772,pH,8.174954947,pH
gas_paris_med,1925,289.4186897,ppmv CO2,0.414453951,W/m2,0.18685924,degC,8.227965072,pH,8.174781986,pH
gas_paris_med,1926,289.6794956,ppmv CO2,0.421255601,W/m2,0.191129864,degC,8.227863371,pH,8.174525118,pH
gas_paris_med,1927,289.9377681,ppmv CO2,0.418098147,W/m2,0.194641837,degC,8.227651502,pH,8.174253556,pH
gas_paris_med,1928,290.2187189,ppmv CO2,0.368090905,W/m2,0.19341281,degC,8.227281113,pH,8.173987745,pH
gas_paris_med,1929,290.5187813,ppmv CO2,0.31811835,W/m2,0.188275213,degC,8.226927704,pH,8.173775827,pH
gas_paris_med,1930,290.8299668,ppmv CO2,0.343778573,W/m2,0.186862944,degC,8.226687297,pH,8.173581249,pH
gas_paris_med,1931,291.1422795,ppmv CO2,0.369368095,W/m2,0.188782209,degC,8.226375039,pH,8.173278716,pH
gas_paris_med,1932,291.4153763,ppmv CO2,0.338062391,W/m2,0.187971774,degC,8.225956471,pH,8.172934934,pH
gas_paris_med,1933,291.6192497,ppmv CO2,0.345984517,W/m2,0.187975266,degC,8.225577456,pH,8.172692383,pH
gas_paris_med,1934,291.7885174,ppmv CO2,0.382772681,W/m2,0.191534921,degC,8.22529721,pH,8.172479928,pH
gas_paris_med,1935,291.9818477,ppmv CO2,0.388841343,W/m2,0.195228342,degC,8.225094312,pH,8.172231734,pH
gas_paris_med,1936,292.2014862,ppmv CO2,0.399530515,W/m2,0.199075955,degC,8.224913302,pH,8.171997036,pH
gas_paris_med,1937,292.4535876,ppmv CO2,0.398161634,W/m2,0.202119508,degC,8.224649283,pH,8.171754163,pH
gas_paris_med,1938,292.737215,ppmv CO2,0.382664303,W/m2,0.203272544,degC,8.224317879,pH,8.171503146,pH
gas_paris_med,1939,293.0104758,ppmv CO2,0.383803102,W/m2,0.204394438,degC,8.223976144,pH,8.171263308,pH
gas_paris_med,1940,293.2718994,ppmv CO2,0.403964978,W/m2,0.207322481,degC,8.223670736,pH,8.171012281,pH
gas_paris_med,1941,293.5591072,ppmv CO2,0.417004431,W/m2,0.211085878,degC,8.223389763,pH,8.170720233,pH
gas_paris_med,1942,293.8654403,ppmv CO2,0.39969293,W/m2,0.212719018,degC,8.223071243,pH,8.170407936,pH
gas_paris_med,1943,294.1756478,ppmv CO2,0.399065349,W/m2,0.213976897,degC,8.222723464,pH,8.170127137,pH
gas_paris_med,1944,294.4930035,ppmv CO2,0.426861339,W/m2,0.217642988,degC,8.222343866,pH,8.169836418,pH
gas_paris_med,1945,294.81069,ppmv CO2,0.442574328,W/m2,0.222254997,degC,8.221932891,pH,8.169495701,pH
gas_paris_med,1946,295.0716678,ppmv CO2,0.454157045,W/m2,0.227030056,degC,8.221506861,pH,8.169166368,pH
gas_paris_med,1947,295.3175224,ppmv CO2,0.450388166,W/m2,0.230595698,degC,8.22118687,pH,8.168876212,pH
gas_paris_med,1948,295.6373643,ppmv CO2,0.454370794,W/m2,0.233846984,degC,8.220976436,pH,8.168600287,pH
gas_paris_med,1949,296.0058771,ppmv CO2,0.453970868,W/m2,0.236612001,degC,8.22067682,pH,8.168287216,pH
gas_paris_med,1950,296.3700726,ppmv CO2,0.4587796,W/m2,0.239425043,degC,8.22020795,pH,8.167950244,pH
gas_paris_med,1951,296.765454,ppmv CO2,0.45350329,W/m2,0.241450687,degC,8.219741302,pH,8.167589359,pH
gas_paris_med,1952,297.2756268,ppmv CO2,0.441636866,W/m2,0.242219456,degC,8.21939452,pH,8.167184595,pH
gas_paris_med,1953,297.8501409,ppmv CO2,0.429390968,W/m2,0.241981172,degC,8.218954031,pH,8.166721508,pH
gas_paris_med,1954,298.4197126,ppmv CO2,0.432213113,W/m2,0.242299476,degC,8.21829935,pH,8.166222354,pH
gas_paris_med,1955,298.9935742,ppmv CO2,0.453276628,W/m2,0.244711907,degC,8.217557266,pH,8.165685446,pH
gas_paris_med,1956,299.6147334,ppmv CO2,0.466250739,W/m2,0.248063787,degC,8.216904536,pH,8.165092001,pH
gas_paris_med,1957,300.3077051,ppmv CO2,0.479350637,W/m2,0.251989339,degC,8.21631141,pH,8.164452312,pH
gas_paris_med,1958,301.0455763,ppmv CO2,0.488819053,W/m2,0.256047265,degC,8.215581884,pH,8.163767699,pH
gas_paris_med,1959,301.8095515,ppmv CO2,0.490591347,W/m2,0.259530788,degC,8.214684278,pH,8.163052264,pH
gas_paris_med,1960,302.5765387,ppmv CO2,0.422019917,W/m2,0.256467569,degC,8.213747828,pH,8.16232786,pH
gas_paris_med,1961,303.3471375,ppmv CO2,0.337876283,W/m2,0.246644418,degC,8.213004869,pH,8.16169348,pH
gas_paris_med,1962,304.12538,ppmv CO2,0.270799153,W/m2,0.233309183,degC,8.21236799,pH,8.161113968,pH
gas_paris_med,1963,304.903991,ppmv CO2,-0.202444735,W/m2,0.18232643,degC,8.211654887,pH,8.160519527,pH
gas_paris_med,1964,305.7038266,ppmv CO2,-0.55094586,W/m2,0.110590284,degC,8.21144612,pH,8.16043893,pH
gas_paris_med,1965,306.4955458,ppmv CO2,-0.220394393,W/m2,0.083942578,degC,8.211210491,pH,8.160411916,pH
gas_paris_med,1966,307.2720382,ppmv CO2,0.172282059,W/m2,0.101084483,degC,8.209906835,pH,8.159425386,pH
gas_paris_med,1967,308.1159118,ppmv CO2,0.312981389,W/m2,0.127162714,degC,8.208266888,pH,8.15789962,pH
gas_paris_med,1968,309.0539455,ppmv CO2,0.128781743,W/m2,0.129167866,degC,8.207076104,pH,8.156567312,pH
gas_paris_med,1969,310.0468249,ppmv CO2,0.069025573,W/m2,0.12237082,degC,8.206384553,pH,8.155804757,pH
gas_paris_med,1970,311.0714725,ppmv CO2,0.327529573,W/m2,0.139000615,degC,8.205418116,pH,8.155091338,pH
gas_paris_med,1971,312.1513348,ppmv CO2,0.542652776,W/m2,0.171960509,degC,8.203818645,pH,8.153872933,pH
gas_paris_med,1972,313.2798099,ppmv CO2,0.629052083,W/m2,0.204806736,degC,8.20222249,pH,8.152452936,pH
gas_paris_med,1973,314.448642,ppmv CO2,0.631217275,W/m2,0.229437177,degC,8.200982791,pH,8.151163339,pH
gas_paris_med,1974,315.6881355,ppmv CO2,0.535134107,W/m2,0.239482442,degC,8.199863419,pH,8.150036821,pH
gas_paris_med,1975,316.9499181,ppmv CO2,0.485762084,W/m2,0.242525346,degC,8.198631071,pH,8.149070282,pH
gas_paris_med,1976,318.1622952,ppmv CO2,0.65976021,W/m2,0.26054012,degC,8.197218131,pH,8.148095406,pH
gas_paris_med,1977,319.4030179,ppmv CO2,0.861860022,W/m2,0.293880648,degC,8.195679945,pH,8.146790611,pH
gas_paris_med,1978,320.7352582,ppmv CO2,0.889515762,W/m2,0.323120432,degC,8.194174626,pH,8.1452628,pH
gas_paris_med,1979,322.1095598,ppmv CO2,0.925803142,W/m2,0.348551857,degC,8.192779788,pH,8.143888752,pH
gas_paris_med,1980,323.535872,ppmv CO2,1.033596564,W/m2,0.378068262,degC,8.191238138,pH,8.142575204,pH
gas_paris_med,1981,324.9679707,ppmv CO2,1.012460956,W/m2,0.400311009,degC,8.189419401,pH,8.141153348,pH
gas_paris_med,1982,326.3262759,ppmv CO2,0.387508825,W/m2,0.36377343,degC,8.187805196,pH,8.139875614,pH
gas_paris_med,1983,327.6518738,ppmv CO2,0.148930072,W/m2,0.312362858,degC,8.187346566,pH,8.139497779,pH
gas_paris_med,1984,328.9041606,ppmv CO2,0.750733325,W/m2,0.327247587,degC,8.185268902,pH,8.138280312,pH
gas_paris_med,1985,330.12121,ppmv CO2,1.091335597,W/m2,0.374454616,degC,8.182721182,pH,8.136769327,pH
gas_paris_med,1986,331.451054,ppmv CO2,1.197727871,W/m2,0.420464592,degC,8.181294949,pH,8.135027248,pH
gas_paris_med,1987,332.8847673,ppmv CO2,1.278531469,W/m2,0.461828913,degC,8.179176694,pH,8.133323855,pH
gas_paris_med,1988,334.3910464,ppmv CO2,1.369341283,W/m2,0.501596271,degC,8.177451202,pH,8.131898656,pH
gas_paris_med,1989,335.9629521,ppmv CO2,1.441732276,W/m2,0.539359078,degC,8.175722682,pH,8.130426857,pH
gas_paris_med,1990,337.5915064,ppmv CO2,2.54358809,W/m2,0.664960001,degC,8.173947867,pH,8.128918761,pH
gas_paris_med,1991,339.2642079,ppmv CO2,1.635625681,W/m2,0.690734017,degC,8.17137465,pH,8.126402801,pH
gas_paris_med,1992,341.1279087,ppmv CO2,1.091261137,W/m2,0.655004542,degC,8.169825578,pH,8.125188047,pH
gas_paris_med,1993,342.9604401,ppmv CO2,1.839596168,W/m2,0.693745507,degC,8.168493333,pH,8.12440501,pH
gas_paris_med,1994,344.6209798,ppmv CO2,2.424578633,W/m2,0.784216993,degC,8.166369528,pH,8.122548889,pH
gas_paris_med,1995,346.2768123,ppmv CO2,2.642660732,W/m2,0.87616516,degC,8.16404241,pH,8.120276683,pH
gas_paris_med,1996,348.0355768,ppmv CO2,2.736060112,W/m2,0.955305366,degC,8.161872483,pH,8.118211818,pH
gas_paris_med,1997,349.8728082,ppmv CO2,2.832887839,W/m2,1.025812414,degC,8.159818412,pH,8.116372049,pH
gas_paris_med,1998,351.7494744,ppmv CO2,2.886659396,W/m2,1.087389442,degC,8.157783189,pH,8.114609615,pH
gas_paris_med,1999,353.6223818,ppmv CO2,2.923749756,W/m2,1.141045526,degC,8.155792864,pH,8.112913441,pH
gas_paris_med,2000,355.4431774,ppmv CO2,2.959529438,W/m2,1.188903164,degC,8.153870407,pH,8.111276213,pH
gas_paris_med,2001,357.2628011,ppmv CO2,2.999648823,W/m2,1.232944788,degC,8.15195728,pH,8.10965236,pH
gas_paris_med,2002,359.094004,ppmv CO2,3.045648241,W/m2,1.274671694,degC,8.150041584,pH,8.108031576,pH
gas_paris_med,2003,360.8727677,ppmv CO2,3.079305535,W/m2,1.313557388,degC,8.148165373,pH,8.106421505,pH
gas_paris_med,2004,362.7024121,ppmv CO2,3.126087372,W/m2,1.351237285,degC,8.146255074,pH,8.10478577,pH
gas_paris_med,2005,364.6814333,ppmv CO2,3.127105745,W/m2,1.384083433,degC,8.144222419,pH,8.10306633,pH
gas_paris_med,2006,366.7801013,ppmv CO2,3.048341268,W/m2,1.405910326,degC,8.142110583,pH,8.101302756,pH
gas_paris_med,2007,368.9488689,ppmv CO2,3.019223584,W/m2,1.423173853,degC,8.140901265,pH,8.099846619,pH
gas_paris_med,2008,371.139045,ppmv CO2,3.058296023,W/m2,1.443413186,degC,8.137800434,pH,8.097689304,pH
gas_paris_med,2009,373.3849459,ppmv CO2,3.098209751,W/m2,1.466176513,degC,8.135548683,pH,8.0958502,pH
gas_paris_med,2010,375.6719269,ppmv CO2,3.138682151,W/m2,1.490439054,degC,8.133252339,pH,8.093917041,pH
gas_paris_med,2011,378.0047287,ppmv CO2,3.175524626,W/m2,1.515296475,degC,8.130903374,pH,8.091960758,pH
gas_paris_med,2012,379.985298,ppmv CO2,3.206995081,W/m2,1.539989359,degC,8.128872773,pH,8.090199978,pH
gas_paris_med,2013,381.6571645,ppmv CO2,3.23379867,W/m2,1.564056038,degC,8.12708805,pH,8.088595636,pH
gas_paris_med,2014,383.4301989,ppmv CO2,3.261731971,W/m2,1.58768626,degC,8.125279981,pH,8.087028002,pH
gas_paris_med,2015,385.2994196,ppmv CO2,3.290700411,W/m2,1.611064318,degC,8.123407385,pH,8.085436754,pH
gas_paris_med,2016,387.2644189,ppmv CO2,3.317806178,W/m2,1.634059113,degC,8.121459203,pH,8.083786841,pH
gas_paris_med,2017,389.4199912,ppmv CO2,3.347208572,W/m2,1.65690651,degC,8.119345811,pH,8.082024242,pH
gas_paris_med,2018,391.7209509,ppmv CO2,3.378253618,W/m2,1.679768435,degC,8.117114823,pH,8.080173421,pH
gas_paris_med,2019,394.0404196,ppmv CO2,3.409192468,W/m2,1.702601435,degC,8.114852344,pH,8.07827603,pH
gas_paris_med,2020,396.3844057,ppmv CO2,3.440111397,W/m2,1.725370007,degC,8.112568177,pH,8.076351022,pH
gas_paris_med,2021,398.7553269,ppmv CO2,3.473012419,W/m2,1.748231176,degC,8.110263917,pH,8.074410411,pH
gas_paris_med,2022,401.1011201,ppmv CO2,3.505129073,W/m2,1.771083492,degC,8.107987807,pH,8.07248331,pH
gas_paris_med,2023,403.4133003,ppmv CO2,3.536375561,W/m2,1.793819698,degC,8.105742204,pH,8.070574091,pH
gas_paris_med,2024,405.732446,ppmv CO2,3.567313494,W/m2,1.816417568,degC,8.103502791,pH,8.068674919,pH
gas_paris_med,2025,408.0585429,ppmv CO2,3.597958832,W/m2,1.838870189,degC,8.10126654,pH,8.066781556,pH
gas_paris_med,2026,410.3918867,ppmv CO2,3.629895546,W/m2,1.861309179,degC,8.099032538,pH,8.064890946,pH
gas_paris_med,2027,412.744622,ppmv CO2,3.6623337,W/m2,1.883777074,degC,8.096788411,pH,8.06299482,pH
gas_paris_med,2028,415.1154367,ppmv CO2,3.695224001,W/m2,1.906291278,degC,8.095623114,pH,8.061398052,pH
gas_paris_med,2029,417.479103,ppmv CO2,3.728212232,W/m2,1.928836657,degC,8.092271413,pH,8.059097562,pH
gas_paris_med,2030,419.8721975,ppmv CO2,3.761743197,W/m2,1.95144014,degC,8.090022033,pH,8.057254027,pH
gas_paris_med,2031,422.2685937,ppmv CO2,3.795796399,W/m2,1.974126685,degC,8.087784389,pH,8.05537653,pH
gas_paris_med,2032,424.6866377,ppmv CO2,3.829759823,W/m2,1.99686249,degC,8.085524237,pH,8.053476457,pH
gas_paris_med,2033,427.125392,ppmv CO2,3.863575293,W/m2,2.019613876,degC,8.083254309,pH,8.051565908,pH
gas_paris_med,2034,429.5673307,ppmv CO2,3.896988358,W/m2,2.04233637,degC,8.080987262,pH,8.049654155,pH
gas_paris_med,2035,432.0129252,ppmv CO2,3.929982036,W/m2,2.064994749,degC,8.078724655,pH,8.047745125,pH
gas_paris_med,2036,434.4620324,ppmv CO2,3.963265686,W/m2,2.087625149,degC,8.076467063,pH,8.045842364,pH
gas_paris_med,2037,436.8914662,ppmv CO2,3.995787181,W/m2,2.110169205,degC,8.074236058,pH,8.043957358,pH
gas_paris_med,2038,439.3051761,ppmv CO2,4.02760056,W/m2,2.132577343,degC,8.072023276,pH,8.042086452,pH
gas_paris_med,2039,441.727572,ppmv CO2,4.059008388,W/m2,2.154841392,degC,8.069813397,pH,8.040222463,pH
gas_paris_med,2040,444.157389,ppmv CO2,4.090002657,W/m2,2.176956699,degC,8.06760596,pH,8.038362707,pH
gas_paris_med,2041,446.5934163,ppmv CO2,4.121110764,W/m2,2.198963593,degC,8.065401619,pH,8.036506119,pH
gas_paris_med,2042,449.0405586,ppmv CO2,4.151871814,W/m2,2.220855369,degC,8.063195214,pH,8.034649656,pH
gas_paris_med,2043,451.4954199,ppmv CO2,4.182320605,W/m2,2.242624151,degC,8.06099149,pH,8.032796082,pH
gas_paris_med,2044,453.9494877,ppmv CO2,4.212422204,W/m2,2.264261955,degC,8.058795983,pH,8.030948594,pH
gas_paris_med,2045,456.4024986,ppmv CO2,4.242227962,W/m2,2.285766872,degC,8.056609312,pH,8.029108555,pH
gas_paris_med,2046,458.8541261,ppmv CO2,4.271946446,W/m2,2.307155775,degC,8.054431586,pH,8.027280085,pH
gas_paris_med,2047,461.2607987,ppmv CO2,4.301122233,W/m2,2.328403064,degC,8.052304225,pH,8.025484944,pH
gas_paris_med,2048,463.6276771,ppmv CO2,4.329839101,W/m2,2.349492371,degC,8.050210146,pH,8.023715486,pH
gas_paris_med,2049,465.9989996,ppmv CO2,4.358623205,W/m2,2.370458615,degC,8.049299105,pH,8.022244571,pH
gas_paris_med,2050,468.3642245,ppmv CO2,4.38736141,W/m2,2.391321936,degC,8.046036942,pH,8.020128461,pH
gas_paris_med,2051,470.7481025,ppmv CO2,4.416547325,W/m2,2.412137384,degC,8.043950963,pH,8.018439804,pH
gas_paris_med,2052,473.0640932,ppmv CO2,4.444680893,W/m2,2.432820151,degC,8.041951407,pH,8.016763245,pH
gas_paris_med,2053,475.3167715,ppmv CO2,4.471850133,W/m2,2.453301529,degC,8.039988676,pH,8.015108715,pH
gas_paris_med,2054,477.5740285,ppmv CO2,4.498849123,W/m2,2.473603921,degC,8.038031031,pH,8.013464758,pH
gas_paris_med,2055,479.8349738,ppmv CO2,4.525685933,W/m2,2.493751315,degC,8.036077354,pH,8.011826676,pH
gas_paris_med,2056,482.0993686,ppmv CO2,4.552523095,W/m2,2.513772747,degC,8.034127492,pH,8.010193575,pH
gas_paris_med,2057,484.3578176,ppmv CO2,4.579100211,W/m2,2.533667483,degC,8.032190294,pH,8.008569359,pH
gas_paris_med,2058,486.6124434,ppmv CO2,4.605456094,W/m2,2.553435455,degC,8.030260562,pH,8.006951521,pH
gas_paris_med,2059,488.8736975,ppmv CO2,4.631720166,W/m2,2.573088785,degC,8.028332157,pH,8.005336709,pH
gas_paris_med,2060,491.1414238,ppmv CO2,4.657900386,W/m2,2.59263838,degC,8.026404966,pH,8.003723677,pH
gas_paris_med,2061,493.4157177,ppmv CO2,4.684235861,W/m2,2.612112905,degC,8.024478829,pH,8.002113156,pH
gas_paris_med,2062,495.6822363,ppmv CO2,4.71035815,W/m2,2.631503886,degC,8.022567603,pH,8.000512097,pH
gas_paris_med,2063,497.9414337,ppmv CO2,4.736280467,W/m2,2.650802863,degC,8.020665647,pH,7.998918399,pH
gas_paris_med,2064,500.2067107,ppmv CO2,4.762152011,W/m2,2.670017882,degC,8.018765389,pH,7.997328248,pH
gas_paris_med,2065,502.4777243,ppmv CO2,4.787973897,W/m2,2.689156749,degC,8.016866888,pH,7.995740314,pH
gas_paris_med,2066,504.754419,ppmv CO2,4.813868945,W/m2,2.708235781,degC,8.014970171,pH,7.994153423,pH
gas_paris_med,2067,507.0456901,ppmv CO2,4.839792003,W/m2,2.727264399,degC,8.013066494,pH,7.992562864,pH
gas_paris_med,2068,509.3509991,ppmv CO2,4.865740705,W/m2,2.746249046,degC,8.01115995,pH,7.990970237,pH
gas_paris_med,2069,511.6617516,ppmv CO2,4.891626454,W/m2,2.765187333,degC,8.009255304,pH,7.989378071,pH
gas_paris_med,2070,513.9781601,ppmv CO2,4.917454023,W/m2,2.784077688,degC,8.008600282,pH,7.988055843,pH
gas_paris_med,2071,516.295054,ppmv CO2,4.943421672,W/m2,2.802936845,degC,8.005446005,pH,7.986134629,pH
gas_paris_med,2072,518.6212725,ppmv CO2,4.96938994,W/m2,2.821767229,degC,8.003550355,pH,7.984593001,pH
gas_paris_med,2073,520.9477396,ppmv CO2,4.995265771,W/m2,2.840561291,degC,8.001666753,pH,7.983026128,pH
gas_paris_med,2074,523.2780858,ppmv CO2,5.021089093,W/m2,2.859316784,degC,7.999778082,pH,7.98145152,pH
gas_paris_med,2075,525.6143019,ppmv CO2,5.04688051,W/m2,2.878034829,degC,7.997891551,pH,7.979875611,pH
gas_paris_med,2076,527.9566828,ppmv CO2,5.072730182,W/m2,2.896724444,degC,7.996006381,pH,7.978300152,pH
gas_paris_med,2077,530.3056167,ppmv CO2,5.098549015,W/m2,2.915385503,degC,7.994122394,pH,7.97672561,pH
gas_paris_med,2078,532.6596828,ppmv CO2,5.124324241,W/m2,2.934016026,degC,7.992241185,pH,7.975153093,pH
gas_paris_med,2079,535.0172982,ppmv CO2,5.150040067,W/m2,2.952613498,degC,7.990363558,pH,7.973583291,pH
gas_paris_med,2080,537.3786154,ppmv CO2,5.175698672,W/m2,2.971176397,degC,7.988489396,pH,7.972016356,pH
gas_paris_med,2081,539.7437353,ppmv CO2,5.201268169,W/m2,2.989701071,degC,7.986618633,pH,7.970452836,pH
gas_paris_med,2082,542.1062928,ppmv CO2,5.226661891,W/m2,3.008177156,degC,7.984757602,pH,7.968896052,pH
gas_paris_med,2083,544.465471,ppmv CO2,5.25187798,W/m2,3.02659622,degC,7.982904018,pH,7.967345425,pH
gas_paris_med,2084,546.8263699,ppmv CO2,5.276972406,W/m2,3.044957047,degC,7.981055276,pH,7.96579958,pH
gas_paris_med,2085,549.1889842,ppmv CO2,5.301948543,W/m2,3.063259429,degC,7.979211416,pH,7.96425804,pH
gas_paris_med,2086,551.5534086,ppmv CO2,5.327243036,W/m2,3.081540722,degC,7.977372273,pH,7.962720515,pH
gas_paris_med,2087,553.9203209,ppmv CO2,5.352646188,W/m2,3.099813977,degC,7.975537239,pH,7.961186343,pH
gas_paris_med,2088,556.2899635,ppmv CO2,5.378145977,W/m2,3.118085023,degC,7.973706452,pH,7.959655556,pH
gas_paris_med,2089,558.6619535,ppmv CO2,5.403725422,W/m2,3.136357295,degC,7.971880049,pH,7.958128262,pH
gas_paris_med,2090,561.0362382,ppmv CO2,5.429371953,W/m2,3.154632722,degC,7.970058059,pH,7.956604517,pH
gas_paris_med,2091,563.412728,ppmv CO2,5.453140523,W/m2,3.172744814,degC,7.969609082,pH,7.955347742,pH
gas_paris_med,2092,565.8069501,ppmv CO2,5.476480908,W/m2,3.190679614,degC,7.966383693,pH,7.953502211,pH
gas_paris_med,2093,568.2199886,ppmv CO2,5.499440618,W/m2,3.208447541,degC,7.964577723,pH,7.952013019,pH
gas_paris_med,2094,570.632032,ppmv CO2,5.521869619,W/m2,3.226039494,degC,7.962757067,pH,7.95050142,pH
gas_paris_med,2095,573.0385337,ppmv CO2,5.543758266,W/m2,3.243444245,degC,7.960942742,pH,7.9489882,pH
gas_paris_med,2096,575.4420409,ppmv CO2,5.569455152,W/m2,3.261028712,degC,7.959137151,pH,7.947480466,pH
gas_paris_med,2097,577.8364185,ppmv CO2,5.595874497,W/m2,3.278833617,degC,7.957345805,pH,7.945980189,pH
gas_paris_med,2098,580.2222044,ppmv CO2,5.622948851,W/m2,3.29684722,degC,7.955564808,pH,7.944487498,pH
gas_paris_med,2099,582.605271,ppmv CO2,5.650664498,W/m2,3.31506797,degC,7.953791437,pH,7.943001337,pH
gas_paris_med,2100,584.9858103,ppmv CO2,5.678960105,W/m2,3.333494378,degC,7.952025656,pH,7.941521254,pH
gas_paris_med,2101,587.3640743,ppmv CO2,5.706328605,W/m2,3.351997651,degC,7.950267267,pH,7.940046708,pH
gas_paris_med,2102,589.7437429,ppmv CO2,5.733313584,W/m2,3.37051911,degC,7.948512498,pH,7.938576361,pH
gas_paris_med,2103,592.1280173,ppmv CO2,5.759966677,W/m2,3.389029306,degC,7.946760219,pH,7.937108878,pH
gas_paris_med,2104,594.5166811,ppmv CO2,5.7863066,W/m2,3.407507665,degC,7.945010675,pH,7.935643864,pH
gas_paris_med,2105,596.909646,ppmv CO2,5.812351746,W/m2,3.42593946,degC,7.943263885,pH,7.934181179,pH
gas_paris_med,2106,599.3071246,ppmv CO2,5.838121781,W/m2,3.444314379,degC,7.941519673,pH,7.932720648,pH
gas_paris_med,2107,601.7095182,ppmv CO2,5.863636706,W/m2,3.462625464,degC,7.939777807,pH,7.93126208,pH
gas_paris_med,2108,604.1169532,ppmv CO2,5.888912795,W/m2,3.480868005,degC,7.93803826,pH,7.929805402,pH
gas_paris_med,2109,606.529296,ppmv CO2,5.913962908,W/m2,3.499038738,degC,7.936301144,pH,7.928350651,pH
gas_paris_med,2110,608.9463918,ppmv CO2,5.938798694,W/m2,3.517135458,degC,7.934566559,pH,7.926897885,pH
gas_paris_med,2111,611.3681555,ppmv CO2,5.963431468,W/m2,3.535156825,degC,7.932834562,pH,7.925447148,pH
gas_paris_med,2112,613.7945299,ppmv CO2,5.987871875,W/m2,3.553102185,degC,7.932586589,pH,7.924258069,pH
gas_paris_med,2113,616.2279252,ppmv CO2,6.012151233,W/m2,3.570973262,degC,7.929313796,pH,7.922507171,pH
gas_paris_med,2114,618.6615574,ppmv CO2,6.036220211,W/m2,3.588766819,degC,7.927659602,pH,7.921095592,pH
gas_paris_med,2115,621.1046517,ppmv CO2,6.060167601,W/m2,3.606487241,degC,7.925930482,pH,7.919660873,pH
gas_paris_med,2116,623.5490536,ppmv CO2,6.083931196,W/m2,3.624132907,degC,7.924212351,pH,7.918222106,pH
gas_paris_med,2117,625.9980327,ppmv CO2,6.107546898,W/m2,3.641704702,degC,7.922496328,pH,7.916784253,pH
gas_paris_med,2118,628.4515371,ppmv CO2,6.131021392,W/m2,3.659204041,degC,7.920783109,pH,7.915348177,pH
gas_paris_med,2119,630.9095697,ppmv CO2,6.154361241,W/m2,3.676632323,degC,7.919072588,pH,7.913914116,pH
gas_paris_med,2120,633.3720566,ppmv CO2,6.177571957,W/m2,3.693990909,degC,7.917364826,pH,7.912482141,pH
gas_paris_med,2121,635.8389434,ppmv CO2,6.200658755,W/m2,3.711281143,degC,7.915659852,pH,7.911052288,pH
gas_paris_med,2122,638.3101877,ppmv CO2,6.223626576,W/m2,3.728504367,degC,7.913957692,pH,7.909624574,pH
gas_paris_med,2123,640.7857635,ppmv CO2,6.246480102,W/m2,3.745661919,degC,7.912258352,pH,7.908199002,pH
gas_paris_med,2124,643.2657028,ppmv CO2,6.269224138,W/m2,3.762755167,degC,7.910561809,pH,7.906775553,pH
gas_paris_med,2125,645.7500453,ppmv CO2,6.291863291,W/m2,3.779785503,degC,7.908868046,pH,7.90535421,pH
gas_paris_med,2126,648.2387735,ppmv CO2,6.314401345,W/m2,3.796754281,degC,7.907177079,pH,7.903934974,pH
gas_paris_med,2127,650.7318642,ppmv CO2,6.336841786,W/m2,3.813662806,degC,7.905488921,pH,7.902517847,pH
gas_paris_med,2128,653.2293151,ppmv CO2,6.359188037,W/m2,3.830512355,degC,7.90380357,pH,7.901102826,pH
gas_paris_med,2129,655.7311317,ppmv CO2,6.381443309,W/m2,3.847304176,degC,7.902121024,pH,7.899689903,pH
gas_paris_med,2130,658.2373189,ppmv CO2,6.403610633,W/m2,3.864039486,degC,7.900441279,pH,7.89827907,pH
gas_paris_med,2131,660.7478866,ppmv CO2,6.425692853,W/m2,3.880719473,degC,7.898764322,pH,7.896870312,pH
gas_paris_med,2132,663.2628771,ppmv CO2,6.447692912,W/m2,3.897345312,degC,7.897090121,pH,7.895463599,pH
gas_paris_med,2133,665.782357,ppmv CO2,6.469613743,W/m2,3.913918179,degC,7.897046862,pH,7.894321285,pH
gas_paris_med,2134,668.3121275,ppmv CO2,6.491504024,W/m2,3.930443214,degC,7.893631082,pH,7.892616106,pH
gas_paris_med,2135,670.8361344,ppmv CO2,6.5132373,W/m2,3.946913725,degC,7.892100121,pH,7.891246568,pH
gas_paris_med,2136,673.3727616,ppmv CO2,6.534962538,W/m2,3.96333652,degC,7.890415245,pH,7.889853152,pH
gas_paris_med,2137,675.9103425,ppmv CO2,6.556588475,W/m2,3.979710352,degC,7.88875737,pH,7.888457196,pH
gas_paris_med,2138,678.4527148,ppmv CO2,6.578147433,W/m2,3.996036048,degC,7.887098766,pH,7.887062463,pH
gas_paris_med,2139,680.9995978,ppmv CO2,6.59963881,W/m2,4.012314663,degC,7.885443459,pH,7.885669533,pH
gas_paris_med,2140,683.5510985,ppmv CO2,6.621064945,W/m2,4.028547181,degC,7.883790714,pH,7.884278503,pH
gas_paris_med,2141,686.1072161,ppmv CO2,6.642427251,W/m2,4.044734515,degC,7.882140639,pH,7.882889379,pH
gas_paris_med,2142,688.6679732,ppmv CO2,6.663727218,W/m2,4.060877528,degC,7.8804932,pH,7.881502153,pH
gas_paris_med,2143,691.2333884,ppmv CO2,6.68496625,W/m2,4.076977044,degC,7.878848393,pH,7.880116813,pH
gas_paris_med,2144,693.8034676,ppmv CO2,6.706145557,W/m2,4.09303384,degC,7.877206216,pH,7.878733355,pH
gas_paris_med,2145,696.3782111,ppmv CO2,6.727266232,W/m2,4.109048651,degC,7.875566668,pH,7.877351772,pH
gas_paris_med,2146,698.9576338,ppmv CO2,6.748329436,W/m2,4.125022184,degC,7.873929738,pH,7.875972053,pH
gas_paris_med,2147,701.5417527,ppmv CO2,6.769336281,W/m2,4.140955122,degC,7.872295421,pH,7.874594191,pH
gas_paris_med,2148,704.1305673,ppmv CO2,6.790287687,W/m2,4.156848112,degC,7.87066372,pH,7.873218183,pH
gas_paris_med,2149,706.7240712,ppmv CO2,6.811699834,W/m2,4.17274638,degC,7.869034638,pH,7.87184403,pH
gas_paris_med,2150,709.3222568,ppmv CO2,6.833052515,W/m2,4.188642858,degC,7.867408419,pH,7.870471506,pH
gas_paris_med,2151,711.9252132,ppmv CO2,6.854347269,W/m2,4.204527029,degC,7.865784723,pH,7.869100758,pH
gas_paris_med,2152,714.5329571,ppmv CO2,6.875584986,W/m2,4.220392732,degC,7.864163561,pH,7.867731823,pH
gas_paris_med,2153,717.1454939,ppmv CO2,6.896766508,W/m2,4.236236097,degC,7.862544942,pH,7.866364691,pH
gas_paris_med,2154,719.7628284,ppmv CO2,6.917892587,W/m2,4.252054574,degC,7.862706892,pH,7.865264534,pH
gas_paris_med,2155,722.3943595,ppmv CO2,6.939033538,W/m2,4.267852453,degC,7.859126819,pH,7.863598621,pH
gas_paris_med,2156,725.0134013,ppmv CO2,6.959992353,W/m2,4.283616475,degC,7.857735661,pH,7.862267748,pH
gas_paris_med,2157,727.6490399,ppmv CO2,6.980984901,W/m2,4.299353668,degC,7.856087608,pH,7.860910874,pH
gas_paris_med,2158,730.2853303,ppmv CO2,7.001894037,W/m2,4.315061368,degC,7.854488267,pH,7.859553186,pH
gas_paris_med,2159,732.9269375,ppmv CO2,7.022754737,W/m2,4.330739137,degC,7.852883674,pH,7.858196714,pH
gas_paris_med,2160,735.5733075,ppmv CO2,7.043563469,W/m2,4.346386807,degC,7.851283021,pH,7.856841947,pH
gas_paris_med,2161,738.2245678,ppmv CO2,7.06432169,W/m2,4.362004283,degC,7.849684639,pH,7.855488906,pH
gas_paris_med,2162,740.8806938,ppmv CO2,7.08502976,W/m2,4.37759151,degC,7.848088827,pH,7.8541376,pH
gas_paris_med,2163,743.5416873,ppmv CO2,7.105688156,W/m2,4.393148469,degC,7.846495524,pH,7.852788022,pH
gas_paris_med,2164,746.2075912,ppmv CO2,7.126297656,W/m2,4.4086752,degC,7.844904703,pH,7.851440143,pH
gas_paris_med,2165,748.8784947,ppmv CO2,7.14685936,W/m2,4.424171825,degC,7.843316305,pH,7.850093917,pH
gas_paris_med,2166,751.5545073,ppmv CO2,7.167374454,W/m2,4.439638534,degC,7.841730223,pH,7.848749245,pH
gas_paris_med,2167,754.2360008,ppmv CO2,7.187846012,W/m2,4.45507574,degC,7.840146206,pH,7.847405937,pH
gas_paris_med,2168,756.9234768,ppmv CO2,7.208277935,W/m2,4.470484107,degC,7.838564039,pH,7.846063815,pH
gas_paris_med,2169,759.6170986,ppmv CO2,7.228671671,W/m2,4.485864283,degC,7.836983728,pH,7.844722842,pH
gas_paris_med,2170,762.3167194,ppmv CO2,7.249026493,W/m2,4.501216697,degC,7.835405389,pH,7.843383087,pH
gas_paris_med,2171,765.0221391,ppmv CO2,7.26934129,W/m2,4.516541577,degC,7.833829103,pH,7.842044614,pH
gas_paris_med,2172,767.7333367,ppmv CO2,7.289616206,W/m2,4.531839118,degC,7.832254861,pH,7.840707431,pH
gas_paris_med,2173,770.4503511,ppmv CO2,7.309851792,W/m2,4.547109543,degC,7.830682673,pH,7.839371554,pH
gas_paris_med,2174,773.1730519,ppmv CO2,7.330047444,W/m2,4.562352991,degC,7.829112649,pH,7.83803706,pH
gas_paris_med,2175,775.9011989,ppmv CO2,7.35020176,W/m2,4.577569463,degC,7.827544926,pH,7.836704057,pH
gas_paris_med,2176,778.6345624,ppmv CO2,7.370313486,W/m2,4.59275886,degC,7.825979613,pH,7.835372642,pH
gas_paris_med,2177,781.3729783,ppmv CO2,7.390381756,W/m2,4.607921048,degC,7.824416771,pH,7.834042876,pH
gas_paris_med,2178,784.1163911,ppmv CO2,7.410406482,W/m2,4.62305593,degC,7.822856412,pH,7.832714779,pH
gas_paris_med,2179,786.8647945,ppmv CO2,7.430387943,W/m2,4.638163476,degC,7.821298554,pH,7.831388374,pH
gas_paris_med,2180,789.6180746,ppmv CO2,7.450325641,W/m2,4.653243631,degC,7.819743289,pH,7.830063725,pH
gas_paris_med,2181,792.3760122,ppmv CO2,7.470218413,W/m2,4.668296257,degC,7.818190728,pH,7.828740923,pH
gas_paris_med,2182,795.1384263,ppmv CO2,7.490065318,W/m2,4.683321166,degC,7.816640951,pH,7.827420043,pH
gas_paris_med,2183,797.9051685,ppmv CO2,7.509865659,W/m2,4.69831816,degC,7.815094036,pH,7.826101156,pH
gas_paris_med,2184,800.6760645,ppmv CO2,7.529618609,W/m2,4.713287017,degC,7.813550057,pH,7.824784327,pH
gas_paris_med,2185,803.4509986,ppmv CO2,7.549323701,W/m2,4.728227528,degC,7.812008981,pH,7.823469531,pH
gas_paris_med,2186,806.2302805,ppmv CO2,7.568983323,W/m2,4.743139741,degC,7.810470589,pH,7.822156619,pH
gas_paris_med,2187,809.0143103,ppmv CO2,7.588600399,W/m2,4.758023963,degC,7.80893477,pH,7.820845494,pH
gas_paris_med,2188,811.8029949,ppmv CO2,7.608174599,W/m2,4.772880404,degC,7.807401654,pH,7.819536219,pH
gas_paris_med,2189,814.596018,ppmv CO2,7.627704085,W/m2,4.787709049,degC,7.805871404,pH,7.818228924,pH
gas_paris_med,2190,817.3930854,ppmv CO2,7.647187222,W/m2,4.802509731,degC,7.804344152,pH,7.816923728,pH
gas_paris_med,2191,820.1939458,ppmv CO2,7.666622666,W/m2,4.817282203,degC,7.80282001,pH,7.815620738,pH
gas_paris_med,2192,822.9983664,ppmv CO2,7.686009215,W/m2,4.832026175,degC,7.801299083,pH,7.814320049,pH
gas_paris_med,2193,825.8061363,ppmv CO2,7.705345835,W/m2,4.846741334,degC,7.799781594,pH,7.813021859,pH
gas_paris_med,2194,828.6164134,ppmv CO2,7.724627406,W/m2,4.861426997,degC,7.798267848,pH,7.811726386,pH
gas_paris_med,2195,831.4291166,ppmv CO2,7.743853785,W/m2,4.876082598,degC,7.796757714,pH,7.810433596,pH
gas_paris_med,2196,834.2446026,ppmv CO2,7.76302763,W/m2,4.890707946,degC,7.795251091,pH,7.80914343,pH
gas_paris_med,2197,837.0626687,ppmv CO2,7.78214802,W/m2,4.905302827,degC,7.793748191,pH,7.807856018,pH
gas_paris_med,2198,839.8827499,ppmv CO2,7.801211705,W/m2,4.919866766,degC,7.792249295,pH,7.806571586,pH
gas_paris_med,2199,842.7042936,ppmv CO2,7.820215568,W/m2,4.934399093,degC,7.79075463,pH,7.805290344,pH
gas_paris_med,2200,845.5268585,ppmv CO2,7.839157232,W/m2,4.948899066,degC,7.789264369,pH,7.80401246,pH
gas_paris_med,2201,848.3500787,ppmv CO2,7.858034843,W/m2,4.963365938,degC,7.787778648,pH,7.802738066,pH
gas_paris_med,2202,851.1736641,ppmv CO2,7.876847043,W/m2,4.977798999,degC,7.786297568,pH,7.801467261,pH
gas_paris_med,2203,853.9973906,ppmv CO2,7.895592903,W/m2,4.9921976,degC,7.7848212,pH,7.800200116,pH
gas_paris_med,2204,856.8210821,ppmv CO2,7.914271796,W/m2,5.006561165,degC,7.783349594,pH,7.798936683,pH
gas_paris_med,2205,859.6445958,ppmv CO2,7.932883334,W/m2,5.020889185,degC,7.781882789,pH,7.797677002,pH
gas_paris_med,2206,862.467809,ppmv CO2,7.951427242,W/m2,5.035181214,degC,7.78042081,pH,7.796421101,pH
gas_paris_med,2207,865.2906239,ppmv CO2,7.969903409,W/m2,5.049436864,degC,7.778963675,pH,7.795168999,pH
gas_paris_med,2208,868.1129535,ppmv CO2,7.988311812,W/m2,5.063655802,degC,7.77751139,pH,7.793920706,pH
gas_paris_med,2209,870.9347489,ppmv CO2,8.006652637,W/m2,5.077837752,degC,7.776063931,pH,7.792676208,pH
gas_paris_med,2210,873.7560426,ppmv CO2,8.02492655,W/m2,5.091982525,degC,7.774621246,pH,7.791435467,pH
gas_paris_med,2211,876.5768982,ppmv CO2,8.043134451,W/m2,5.106090025,degC,7.773183283,pH,7.790198439,pH
gas_paris_med,2212,879.3973545,ppmv CO2,8.061277045,W/m2,5.120160208,degC,7.771750002,pH,7.788965091,pH
gas_paris_med,2213,882.2174307,ppmv CO2,8.07935492,W/m2,5.13419306,degC,7.770321374,pH,7.787735396,pH
gas_paris_med,2214,885.037134,ppmv CO2,8.097368562,W/m2,5.148188584,degC,7.768897371,pH,7.786509331,pH
gas_paris_med,2215,887.8564672,ppmv CO2,8.115318458,W/m2,5.162146797,degC,7.767477966,pH,7.785286876,pH
gas_paris_med,2216,890.6754337,ppmv CO2,8.13320507,W/m2,5.176067729,degC,7.766063133,pH,7.784068008,pH
gas_paris_med,2217,893.4940414,ppmv CO2,8.151028886,W/m2,5.189951424,degC,7.764652842,pH,7.782852705,pH
gas_paris_med,2218,896.3123004,ppmv CO2,8.16879042,W/m2,5.203797942,degC,7.763247063,pH,7.781640942,pH
gas_paris_med,2219,899.1302225,ppmv CO2,8.186490144,W/m2,5.217607352,degC,7.761845765,pH,7.780432695,pH
gas_paris_med,2220,901.9478213,ppmv CO2,8.204128611,W/m2,5.231379741,degC,7.76044892,pH,7.77922794,pH
gas_paris_med,2221,904.765111,ppmv CO2,8.221706319,W/m2,5.245115204,degC,7.759056495,pH,7.778026653,pH
gas_paris_med,2222,907.5821048,ppmv CO2,8.23922374,W/m2,5.258813843,degC,7.757668463,pH,7.776828808,pH
gas_paris_med,2223,910.3988156,ppmv CO2,8.256681387,W/m2,5.272475772,degC,7.756284793,pH,7.775634383,pH
gas_paris_med,2224,913.2152558,ppmv CO2,8.274079719,W/m2,5.286101105,degC,7.754905457,pH,7.774443355,pH
gas_paris_med,2225,916.0314369,ppmv CO2,8.291419221,W/m2,5.299689968,degC,7.753530427,pH,7.7732557,pH
gas_paris_med,2226,918.8473694,ppmv CO2,8.308700349,W/m2,5.313242487,degC,7.752159676,pH,7.772071398,pH
gas_paris_med,2227,921.6630646,ppmv CO2,8.325923577,W/m2,5.326758795,degC,7.750793175,pH,7.770890424,pH
gas_paris_med,2228,924.4785337,ppmv CO2,8.343089337,W/m2,5.340239027,degC,7.749430898,pH,7.769712758,pH
gas_paris_med,2229,927.2937887,ppmv CO2,8.360198105,W/m2,5.353683324,degC,7.748072817,pH,7.768538377,pH
gas_paris_med,2230,930.1088411,ppmv CO2,8.377250305,W/m2,5.367091828,degC,7.746718905,pH,7.76736726,pH
gas_paris_med,2231,932.9237012,ppmv CO2,8.394246382,W/m2,5.380464685,degC,7.745369135,pH,7.766199385,pH
gas_paris_med,2232,935.7383789,ppmv CO2,8.411186766,W/m2,5.393802043,degC,7.744023483,pH,7.765034732,pH
gas_paris_med,2233,938.5528831,ppmv CO2,8.428071879,W/m2,5.40710405,degC,7.742681924,pH,7.763873281,pH
gas_paris_med,2234,941.3672216,ppmv CO2,8.444902124,W/m2,5.420370858,degC,7.741344431,pH,7.762715012,pH
gas_paris_med,2235,944.1814015,ppmv CO2,8.461677905,W/m2,5.433602616,degC,7.740010983,pH,7.761559907,pH
gas_paris_med,2236,946.9954288,ppmv CO2,8.478399596,W/m2,5.446799475,degC,7.738681556,pH,7.760407946,pH
gas_paris_med,2237,949.8093091,ppmv CO2,8.495067592,W/m2,5.459961586,degC,7.737356125,pH,7.759259111,pH
gas_paris_med,2238,952.6230479,ppmv CO2,8.511682277,W/m2,5.473089099,degC,7.73603467,pH,7.758113385,pH
gas_paris_med,2239,955.4366506,ppmv CO2,8.528244021,W/m2,5.486182168,degC,7.734717166,pH,7.756970749,pH
gas_paris_med,2240,958.2501227,ppmv CO2,8.544753186,W/m2,5.499240943,degC,7.733403592,pH,7.755831185,pH
gas_paris_med,2241,961.0634696,ppmv CO2,8.561210148,W/m2,5.512265577,degC,7.732093924,pH,7.754694676,pH
gas_paris_med,2242,963.8766978,ppmv CO2,8.577615291,W/m2,5.525256223,degC,7.73078814,pH,7.753561204,pH
gas_paris_med,2243,966.689814,ppmv CO2,8.59396895,W/m2,5.538213035,degC,7.729486217,pH,7.75243075,pH
gas_paris_med,2244,969.5028259,ppmv CO2,8.610271513,W/m2,5.551136168,degC,7.728188133,pH,7.751303297,pH
gas_paris_med,2245,972.3157415,ppmv CO2,8.626523339,W/m2,5.564025778,degC,7.726893863,pH,7.750178825,pH
gas_paris_med,2246,975.128569,ppmv CO2,8.642724802,W/m2,5.576882022,degC,7.725603386,pH,7.749057318,pH
gas_paris_med,2247,977.9413174,ppmv CO2,8.658876273,W/m2,5.58970506,degC,7.724316678,pH,7.747938756,pH
gas_paris_med,2248,980.7539958,ppmv CO2,8.67497811,W/m2,5.60249505,degC,7.723033717,pH,7.746823121,pH
gas_paris_med,2249,983.5666142,ppmv CO2,8.691030677,W/m2,5.615252154,degC,7.72175448,pH,7.745710396,pH
gas_paris_med,2250,986.3791826,ppmv CO2,8.707034316,W/m2,5.62797653,degC,7.720478942,pH,7.744600561,pH
gas_paris_med,2251,989.1917118,ppmv CO2,8.722989406,W/m2,5.64066834,degC,7.719207082,pH,7.743493598,pH
gas_paris_med,2252,992.0042131,ppmv CO2,8.738896298,W/m2,5.653327748,degC,7.717938877,pH,7.742389489,pH
gas_paris_med,2253,994.8166981,ppmv CO2,8.754755353,W/m2,5.665954917,degC,7.716674302,pH,7.741288216,pH
gas_paris_med,2254,997.6291789,ppmv CO2,8.770566938,W/m2,5.67855001,degC,7.715413336,pH,7.740189759,pH
gas_paris_med,2255,1000.441667,ppmv CO2,8.786331405,W/m2,5.691113195,degC,7.714155955,pH,7.739094101,pH
gas_paris_med,2256,1003.254175,ppmv CO2,8.802049096,W/m2,5.703644635,degC,7.712902138,pH,7.738001223,pH
gas_paris_med,2257,1006.066715,ppmv CO2,8.817720364,W/m2,5.716144496,degC,7.71165186,pH,7.736911108,pH
gas_paris_med,2258,1008.879302,ppmv CO2,8.833345591,W/m2,5.728612947,degC,7.710405098,pH,7.735823736,pH
gas_paris_med,2259,1011.691949,ppmv CO2,8.848925093,W/m2,5.741050153,degC,7.70916183,pH,7.734739088,pH
gas_paris_med,2260,1014.504672,ppmv CO2,8.86445924,W/m2,5.753456284,degC,7.707922033,pH,7.733657147,pH
gas_paris_med,2261,1017.317485,ppmv CO2,8.879948382,W/m2,5.765831508,degC,7.706685683,pH,7.732577894,pH
gas_paris_med,2262,1020.130404,ppmv CO2,8.895392857,W/m2,5.778175993,degC,7.705452758,pH,7.73150131,pH
gas_paris_med,2263,1022.943443,ppmv CO2,8.91079301,W/m2,5.790489909,degC,7.704223234,pH,7.730427376,pH
gas_paris_med,2264,1025.756618,ppmv CO2,8.926149194,W/m2,5.802773426,degC,7.70299709,pH,7.729356076,pH
gas_paris_med,2265,1028.569946,ppmv CO2,8.941461729,W/m2,5.815026712,degC,7.701774302,pH,7.728287389,pH
gas_paris_med,2266,1031.38344,ppmv CO2,8.956730971,W/m2,5.827249936,degC,7.70055485,pH,7.7272213,pH
gas_paris_med,2267,1034.197117,ppmv CO2,8.971957242,W/m2,5.83944327,degC,7.699338709,pH,7.726157789,pH
gas_paris_med,2268,1037.010991,ppmv CO2,8.987140871,W/m2,5.85160688,degC,7.69812586,pH,7.725096839,pH
gas_paris_med,2269,1039.825079,ppmv CO2,9.002282191,W/m2,5.863740936,degC,7.69691628,pH,7.724038434,pH
gas_paris_med,2270,1042.639394,ppmv CO2,9.017381518,W/m2,5.875845605,degC,7.695709947,pH,7.722982554,pH
gas_paris_med,2271,1045.453953,ppmv CO2,9.032439167,W/m2,5.887921056,degC,7.694506842,pH,7.721929185,pH
gas_paris_med,2272,1048.268768,ppmv CO2,9.047455454,W/m2,5.899967453,degC,7.693306942,pH,7.720878308,pH
gas_paris_med,2273,1051.083855,ppmv CO2,9.062430685,W/m2,5.911984964,degC,7.692110228,pH,7.719829908,pH
gas_paris_med,2274,1053.899227,ppmv CO2,9.077365167,W/m2,5.923973752,degC,7.690916679,pH,7.718783967,pH
gas_paris_med,2275,1056.714897,ppmv CO2,9.092259194,W/m2,5.935933981,degC,7.689726275,pH,7.717740471,pH
gas_paris_med,2276,1059.53088,ppmv CO2,9.107113068,W/m2,5.947865815,degC,7.688538996,pH,7.716699403,pH
gas_paris_med,2277,1062.347187,ppmv CO2,9.121927089,W/m2,5.959769414,degC,7.687354824,pH,7.715660748,pH
gas_paris_med,2278,1065.163831,ppmv CO2,9.136701534,W/m2,5.971644941,degC,7.686173739,pH,7.71462449,pH
gas_paris_med,2279,1067.980825,ppmv CO2,9.151436672,W/m2,5.983492552,degC,7.684995722,pH,7.713590615,pH
gas_paris_med,2280,1070.798181,ppmv CO2,9.166132797,W/m2,5.995312406,degC,7.683820754,pH,7.712559107,pH
gas_paris_med,2281,1073.615909,ppmv CO2,9.180790182,W/m2,6.00710466,degC,7.682648817,pH,7.711529952,pH
gas_paris_med,2282,1076.434022,ppmv CO2,9.1954091,W/m2,6.018869469,degC,7.681479893,pH,7.710503135,pH
gas_paris_med,2283,1079.25253,ppmv CO2,9.209989813,W/m2,6.030606988,degC,7.680313965,pH,7.709478642,pH
gas_paris_med,2284,1082.071444,ppmv CO2,9.22453258,W/m2,6.042317369,degC,7.679151013,pH,7.70845646,pH
gas_paris_med,2285,1084.890775,ppmv CO2,9.239037691,W/m2,6.054000765,degC,7.677991021,pH,7.707436573,pH
gas_paris_med,2286,1087.710534,ppmv CO2,9.25350536,W/m2,6.065657326,degC,7.676833971,pH,7.706418969,pH
gas_paris_med,2287,1090.53073,ppmv CO2,9.267935875,W/m2,6.077287202,degC,7.675679846,pH,7.705403633,pH
gas_paris_med,2288,1093.351373,ppmv CO2,9.282329481,W/m2,6.088890541,degC,7.67452863,pH,7.704390552,pH
gas_paris_med,2289,1096.172475,ppmv CO2,9.296686412,W/m2,6.10046749,degC,7.673380304,pH,7.703379713,pH
gas_paris_med,2290,1098.994046,ppmv CO2,9.311006931,W/m2,6.112018195,degC,7.672234853,pH,7.702371103,pH
gas_paris_med,2291,1101.816094,ppmv CO2,9.325291267,W/m2,6.123542801,degC,7.67109226,pH,7.701364709,pH
gas_paris_med,2292,1104.638629,ppmv CO2,9.33953967,W/m2,6.135041452,degC,7.669952509,pH,7.700360517,pH
gas_paris_med,2293,1107.46166,ppmv CO2,9.353752375,W/m2,6.14651429,degC,7.668815584,pH,7.699358516,pH
gas_paris_med,2294,1110.285195,ppmv CO2,9.367929606,W/m2,6.157961457,degC,7.66768147,pH,7.698358693,pH
gas_paris_med,2295,1113.109243,ppmv CO2,9.382071602,W/m2,6.169383092,degC,7.66655015,pH,7.697361035,pH
gas_paris_med,2296,1115.933814,ppmv CO2,9.39617858,W/m2,6.180779334,degC,7.665421608,pH,7.69636553,pH
gas_paris_med,2297,1118.758918,ppmv CO2,9.410250794,W/m2,6.192150323,degC,7.664295827,pH,7.695372164,pH
gas_paris_med,2298,1121.584569,ppmv CO2,9.42428848,W/m2,6.203496198,degC,7.663172791,pH,7.694380925,pH
gas_paris_med,2299,1124.410777,ppmv CO2,9.438291865,W/m2,6.214817097,degC,7.662052484,pH,7.693391799,pH
gas_paris_med,2300,1127.237553,ppmv CO2,9.452261194,W/m2,6.22611316,degC,7.660934891,pH,7.692404774,pH
