"scenario","year","value.Ca","units.Ca","value.Ftot","units.Ftot","value.Tgav","units.Tgav","value.pH_HL","units.pH_HL","value.pH_LL","units.pH_LL"
"gas_ref_med",1745,276.089671361502,"ppmv CO2",0,"W/m2",0,"degC",0,"(undefined)",0,"(undefined)"
"gas_ref_med",1746,276.089671361502,"ppmv CO2",0,"W/m2",0,"degC",8.24385144459339,"pH",8.18846420897854,"pH"
"gas_ref_med",1747,276.091815361014,"ppmv CO2",0,"W/m2",0,"degC",8.24385989362702,"pH",8.18846549258802,"pH"
"gas_ref_med",1748,276.093632607914,"ppmv CO2",0,"W/m2",0,"degC",8.2438627510641,"pH",8.18846535650742,"pH"
"gas_ref_med",1749,276.095265392183,"ppmv CO2",0,"W/m2",0,"degC",8.24385769186259,"pH",8.18846435720114,"pH"
"gas_ref_med",1750,276.096823718823,"ppmv CO2",0,"W/m2",0,"degC",8.24385168841188,"pH",8.18846300706162,"pH"
"gas_ref_med",1751,276.098336876541,"ppmv CO2",-0.000528075710232168,"W/m2",-4.57144168950366e-05,"degC",8.24385031581807,"pH",8.18846154587557,"pH"
"gas_ref_med",1752,276.099783852998,"ppmv CO2",-0.00102601813099334,"W/m2",-0.000127198348774461,"degC",8.2438526193918,"pH",8.18846078324241,"pH"
"gas_ref_med",1753,276.101097609887,"ppmv CO2",-0.00150102579262357,"W/m2",-0.000231893606721463,"degC",8.24385337794916,"pH",8.18846037772171,"pH"
"gas_ref_med",1754,276.102276314129,"ppmv CO2",-0.00195750728618549,"W/m2",-0.000352512873085573,"degC",8.24385112654591,"pH",8.18846007566796,"pH"
"gas_ref_med",1755,276.103343957003,"ppmv CO2",-0.00239846856362913,"W/m2",-0.000484500478490937,"degC",8.24384865011914,"pH",8.18845980660237,"pH"
"gas_ref_med",1756,276.104308515715,"ppmv CO2",-0.00282663575253439,"W/m2",-0.00062489313695673,"degC",8.24384829793301,"pH",8.1884595674437,"pH"
"gas_ref_med",1757,276.105162731105,"ppmv CO2",-0.00324460478281452,"W/m2",-0.000771735981549974,"degC",8.24384930022767,"pH",8.18845937780171,"pH"
"gas_ref_med",1758,276.105904837041,"ppmv CO2",-0.00365453376518654,"W/m2",-0.000923719424059298,"degC",8.24384960258865,"pH",8.18845925881361,"pH"
"gas_ref_med",1759,276.106546211798,"ppmv CO2",-0.00405805399400339,"W/m2",-0.00107994120386971,"degC",8.24384868688638,"pH",8.1884592215383,"pH"
"gas_ref_med",1760,276.107100294008,"ppmv CO2",-0.00445652604563995,"W/m2",-0.00123977103630031,"degC",8.24384774050699,"pH",8.18845926728165,"pH"
"gas_ref_med",1761,276.107571511828,"ppmv CO2",-0.00485128570271764,"W/m2",-0.00140278232384253,"degC",8.24384775304414,"pH",8.18845939520985,"pH"
"gas_ref_med",1762,276.107957512103,"ppmv CO2",-0.00524362615272622,"W/m2",-0.00156870458816263,"degC",8.2438484045727,"pH",8.1884596071283,"pH"
"gas_ref_med",1763,276.108258280658,"ppmv CO2",-0.00563464261474578,"W/m2",-0.00173737467563211,"degC",8.2438488296782,"pH",8.18845990567085,"pH"
"gas_ref_med",1764,276.108479425809,"ppmv CO2",-0.00602518707297239,"W/m2",-0.00190869515272126,"degC",8.2438488013542,"pH",8.18846029074966,"pH"
"gas_ref_med",1765,276.108627520279,"ppmv CO2",-0.00641597451748721,"W/m2",-0.0020826121236438,"degC",8.24384881000617,"pH",8.18846075947992,"pH"
"gas_ref_med",1766,276.108705397795,"ppmv CO2",0.109768157300735,"W/m2",0.00783262054617203,"degC",8.24384926947974,"pH",8.18846130896194,"pH"
"gas_ref_med",1767,276.109938037979,"ppmv CO2",0.225883824093698,"W/m2",0.026211661695725,"degC",8.24368508974993,"pH",8.18830634925906,"pH"
"gas_ref_med",1768,276.1254567424,"ppmv CO2",0.191146368267746,"W/m2",0.0375701330082914,"degC",8.24346509582399,"pH",8.1880725124125,"pH"
"gas_ref_med",1769,276.160008103982,"ppmv CO2",0.126233141514826,"W/m2",0.0399295888764112,"degC",8.24346326432212,"pH",8.1880166931109,"pH"
"gas_ref_med",1770,276.198403509625,"ppmv CO2",0.122714553007921,"W/m2",0.0412100880327813,"degC",8.24356356512531,"pH",8.18809374636487,"pH"
"gas_ref_med",1771,276.230733080823,"ppmv CO2",0.176014635344956,"W/m2",0.0473394706917473,"degC",8.24354976157101,"pH",8.1881289861403,"pH"
"gas_ref_med",1772,276.261145232174,"ppmv CO2",0.21183086333897,"W/m2",0.0558741107940289,"degC",8.24341121222708,"pH",8.18805031857581,"pH"
"gas_ref_med",1773,276.297923316861,"ppmv CO2",0.225941715051794,"W/m2",0.0639687217457261,"degC",8.24330842205125,"pH",8.18794130331344,"pH"
"gas_ref_med",1774,276.341784131343,"ppmv CO2",0.231479947665384,"W/m2",0.0708438308543768,"degC",8.24327572834635,"pH",8.18785676443674,"pH"
"gas_ref_med",1775,276.389970102941,"ppmv CO2",0.232761808789869,"W/m2",0.0764771327791573,"degC",8.2432381424131,"pH",8.18779620478863,"pH"
"gas_ref_med",1776,276.440545333437,"ppmv CO2",0.234120143999081,"W/m2",0.0812292254156711,"degC",8.24316085332248,"pH",8.1877480864756,"pH"
"gas_ref_med",1777,276.492629363548,"ppmv CO2",0.235533840004656,"W/m2",0.0853650191083783,"degC",8.24307509343159,"pH",8.18770121384044,"pH"
"gas_ref_med",1778,276.545881784835,"ppmv CO2",0.236992759274251,"W/m2",0.0890483337730744,"degC",8.24301732882244,"pH",8.18765143041876,"pH"
"gas_ref_med",1779,276.600004966466,"ppmv CO2",0.238488058377746,"W/m2",0.0923870275874685,"degC",8.24297907989538,"pH",8.18759832102616,"pH"
"gas_ref_med",1780,276.654833491846,"ppmv CO2",0.240013854416086,"W/m2",0.0954556309779995,"degC",8.24292821641568,"pH",8.18754251443159,"pH"
"gas_ref_med",1781,276.71042106158,"ppmv CO2",0.241568862357191,"W/m2",0.098307893075206,"degC",8.24285396187421,"pH",8.18748464848114,"pH"
"gas_ref_med",1782,276.767102318542,"ppmv CO2",0.221282540270496,"W/m2",0.0990906010198035,"degC",8.24277404325348,"pH",8.1874250725951,"pH"
"gas_ref_med",1783,276.824823621969,"ppmv CO2",0.131027114432366,"W/m2",0.0920786251871287,"degC",8.24273637149278,"pH",8.18739308965214,"pH"
"gas_ref_med",1784,276.880937571323,"ppmv CO2",0.0582499351836008,"W/m2",0.0802340909450961,"degC",8.24281658544969,"pH",8.18746766931431,"pH"
"gas_ref_med",1785,276.927148063288,"ppmv CO2",0.116539487637177,"W/m2",0.0764087707961458,"degC",8.24289877916879,"pH",8.18756874388457,"pH"
"gas_ref_med",1786,276.962167375583,"ppmv CO2",0.205244914450949,"W/m2",0.0821227962387874,"degC",8.2427744395911,"pH",8.18749684292345,"pH"
"gas_ref_med",1787,277.000026347788,"ppmv CO2",0.241511395090959,"W/m2",0.0901753049745405,"degC",8.2425544015467,"pH",8.1872980682242,"pH"
"gas_ref_med",1788,277.04972733149,"ppmv CO2",0.247386989102145,"W/m2",0.0967380452379418,"degC",8.24242812540621,"pH",8.18712882255027,"pH"
"gas_ref_med",1789,277.107921941219,"ppmv CO2",0.144056302858436,"W/m2",0.0926786242746168,"degC",8.24237566942027,"pH",8.18702889550043,"pH"
"gas_ref_med",1790,277.169188474427,"ppmv CO2",-0.00296092490547384,"W/m2",0.0762335045904656,"degC",8.2424515435082,"pH",8.18710396405045,"pH"
"gas_ref_med",1791,277.220398753155,"ppmv CO2",0.0335815107645723,"W/m2",0.0664334910251687,"degC",8.2426093673804,"pH",8.18731570328525,"pH"
"gas_ref_med",1792,277.252334253951,"ppmv CO2",0.166005521921721,"W/m2",0.0714554928868225,"degC",8.24253804225932,"pH",8.18733012102046,"pH"
"gas_ref_med",1793,277.281398840617,"ppmv CO2",0.23275251942151,"W/m2",0.0819918297963124,"degC",8.24228221931836,"pH",8.18710492685009,"pH"
"gas_ref_med",1794,277.324940273519,"ppmv CO2",0.242907036979869,"W/m2",0.0907872590221278,"degC",8.24211937643036,"pH",8.18687508605423,"pH"
"gas_ref_med",1795,277.381594766515,"ppmv CO2",0.222692546110222,"W/m2",0.09538977257046,"degC",8.24206827004727,"pH",8.18674596605384,"pH"
"gas_ref_med",1796,277.443302137978,"ppmv CO2",0.220078438146728,"W/m2",0.0984605706935048,"degC",8.24202471929172,"pH",8.18670552669869,"pH"
"gas_ref_med",1797,277.503973067726,"ppmv CO2",0.243697268336603,"W/m2",0.103020578740082,"degC",8.241921726174,"pH",8.18667274468895,"pH"
"gas_ref_med",1798,277.56387397407,"ppmv CO2",0.26292926030936,"W/m2",0.108539082558743,"degC",8.24179600756341,"pH",8.18659713199495,"pH"
"gas_ref_med",1799,277.625984948256,"ppmv CO2",0.269081947558357,"W/m2",0.113542125497843,"degC",8.24171826757545,"pH",8.18650390733829,"pH"
"gas_ref_med",1800,277.690588603354,"ppmv CO2",0.270910914309121,"W/m2",0.117697402861616,"degC",8.24167534392355,"pH",8.18642292210165,"pH"
"gas_ref_med",1801,277.756564009331,"ppmv CO2",0.272769712839418,"W/m2",0.121249120797433,"degC",8.2416073986037,"pH",8.18635413458967,"pH"
"gas_ref_med",1802,277.823099002627,"ppmv CO2",0.274642902253013,"W/m2",0.124389420181729,"degC",8.24150467254663,"pH",8.18628854847396,"pH"
"gas_ref_med",1803,277.890325392092,"ppmv CO2",0.276533266680526,"W/m2",0.12723447240634,"degC",8.24140719464184,"pH",8.1862220026804,"pH"
"gas_ref_med",1804,277.957865057405,"ppmv CO2",0.27843379090766,"W/m2",0.129858886941119,"degC",8.24133712735571,"pH",8.18615357514794,"pH"
"gas_ref_med",1805,278.025088580429,"ppmv CO2",0.280332665754002,"W/m2",0.132312348831119,"degC",8.24127654808447,"pH",8.18608377951225,"pH"
"gas_ref_med",1806,278.092202016465,"ppmv CO2",0.282234186777843,"W/m2",0.134630283215787,"degC",8.24120034191904,"pH",8.18601314566656,"pH"
"gas_ref_med",1807,278.159546461607,"ppmv CO2",0.284145258127012,"W/m2",0.136839227066619,"degC",8.24110848106981,"pH",8.18594190258545,"pH"
"gas_ref_med",1808,278.227193412032,"ppmv CO2",-0.20393236132496,"W/m2",0.0965409872828258,"degC",8.24101846698901,"pH",8.18587008853866,"pH"
"gas_ref_med",1809,278.294877216571,"ppmv CO2",-1.34387842325993,"W/m2",-0.0358735836874304,"degC",8.24163678810185,"pH",8.18645008295338,"pH"
"gas_ref_med",1810,278.311507513453,"ppmv CO2",-1.74542448175172,"W/m2",-0.177216552684143,"degC",8.24341845863453,"pH",8.18822368501394,"pH"
"gas_ref_med",1811,278.188855004951,"ppmv CO2",-0.955266476594134,"W/m2",-0.214854517094127,"degC",8.24306604239099,"pH",8.18865327782371,"pH"
"gas_ref_med",1812,277.985082488681,"ppmv CO2",-0.289162972123368,"W/m2",-0.179247599848638,"degC",8.24317647747144,"pH",8.18852171681866,"pH"
"gas_ref_med",1813,277.827356144588,"ppmv CO2",-0.0990426451732958,"W/m2",-0.135830250787414,"degC",8.24259631918786,"pH",8.18769868730662,"pH"
"gas_ref_med",1814,277.761047181302,"ppmv CO2",-0.629029488163294,"W/m2",-0.153048359378168,"degC",8.2421817253186,"pH",8.18710368904375,"pH"
"gas_ref_med",1815,277.756889192098,"ppmv CO2",-2.10281045521567,"W/m2",-0.300899369812514,"degC",8.24249939176484,"pH",8.18740294976936,"pH"
"gas_ref_med",1816,277.725836108248,"ppmv CO2",-2.61459998956286,"W/m2",-0.467625657914055,"degC",8.24402479631898,"pH",8.18914792656848,"pH"
"gas_ref_med",1817,277.536480305998,"ppmv CO2",-1.44943024964445,"W/m2",-0.492822427691012,"degC",8.24532728535025,"pH",8.19069359665104,"pH"
"gas_ref_med",1818,277.226497588662,"ppmv CO2",-0.321579790020088,"W/m2",-0.405535837015039,"degC",8.24501202235932,"pH",8.19032170048788,"pH"
"gas_ref_med",1819,276.986995878219,"ppmv CO2",0.129511646807799,"W/m2",-0.299284123697743,"degC",8.24392806097012,"pH",8.18892943855761,"pH"
"gas_ref_med",1820,276.904249603764,"ppmv CO2",0.259890329398181,"W/m2",-0.21255909735347,"degC",8.24308864274042,"pH",8.18779971112209,"pH"
"gas_ref_med",1821,276.937966927235,"ppmv CO2",0.27003127351341,"W/m2",-0.150116915867042,"degC",8.24262613338883,"pH",8.18719102664338,"pH"
"gas_ref_med",1822,277.02905713103,"ppmv CO2",0.27254324295161,"W/m2",-0.104534862627285,"degC",8.2424052036209,"pH",8.18694416040337,"pH"
"gas_ref_med",1823,277.139147022152,"ppmv CO2",0.27543508553912,"W/m2",-0.0698337676226456,"degC",8.24227699231495,"pH",8.18684967521059,"pH"
"gas_ref_med",1824,277.252422173522,"ppmv CO2",0.27840187463982,"W/m2",-0.0424818112573565,"degC",8.24217469303925,"pH",8.18679921765341,"pH"
"gas_ref_med",1825,277.363588936708,"ppmv CO2",0.281342132523312,"W/m2",-0.0203159476439582,"degC",8.24207539803218,"pH",8.18675172252722,"pH"
"gas_ref_med",1826,277.471637529428,"ppmv CO2",0.284237132642218,"W/m2",-0.00193631190080329,"degC",8.2419717860011,"pH",8.18669416874467,"pH"
"gas_ref_med",1827,277.576836041652,"ppmv CO2",0.287092850395791,"W/m2",0.0136023868315445,"degC",8.24186246532552,"pH",8.1866243488838,"pH"
"gas_ref_med",1828,277.679757918807,"ppmv CO2",0.285546141517824,"W/m2",0.0265815877497888,"degC",8.24174805778151,"pH",8.18654368729943,"pH"
"gas_ref_med",1829,277.780920052073,"ppmv CO2",0.253357786724894,"W/m2",0.0348848163501189,"degC",8.24163372355554,"pH",8.18645904988867,"pH"
"gas_ref_med",1830,277.880070414177,"ppmv CO2",0.0417737588149445,"W/m2",0.0238475421253644,"degC",8.24154645287833,"pH",8.18640196872442,"pH"
"gas_ref_med",1831,277.975709859076,"ppmv CO2",-0.331733923512398,"W/m2",-0.0171019848604643,"degC",8.24163323774463,"pH",8.18654174037445,"pH"
"gas_ref_med",1832,278.048866569181,"ppmv CO2",-0.416904386302848,"W/m2",-0.0564005219845705,"degC",8.24196056572324,"pH",8.1869600055482,"pH"
"gas_ref_med",1833,278.074044167064,"ppmv CO2",-0.113601957308895,"W/m2",-0.0583727557456805,"degC",8.24216362719369,"pH",8.18723712958912,"pH"
"gas_ref_med",1834,278.070120240353,"ppmv CO2",-0.274587267631911,"W/m2",-0.0707952239215005,"degC",8.24196095428787,"pH",8.18702430325575,"pH"
"gas_ref_med",1835,278.086092129529,"ppmv CO2",-0.916416715943699,"W/m2",-0.137971358060583,"degC",8.24197486094198,"pH",8.18702115528438,"pH"
"gas_ref_med",1836,278.099410383588,"ppmv CO2",-0.875773212000741,"W/m2",-0.189881208012821,"degC",8.24255248176402,"pH",8.18767585177266,"pH"
"gas_ref_med",1837,278.049502628575,"ppmv CO2",-0.276321138528896,"W/m2",-0.175251427688488,"degC",8.24281524840025,"pH",8.18800286632326,"pH"
"gas_ref_med",1838,277.974792866425,"ppmv CO2",0.117054394616089,"W/m2",-0.126395407693467,"degC",8.24240730822653,"pH",8.18752609560893,"pH"
"gas_ref_med",1839,277.952841685764,"ppmv CO2",0.253347109074994,"W/m2",-0.0779989760189615,"degC",8.24185446581442,"pH",8.18683631407418,"pH"
"gas_ref_med",1840,277.998037175656,"ppmv CO2",0.255335195883064,"W/m2",-0.0430296587167206,"degC",8.24146348882251,"pH",8.18634649269124,"pH"
"gas_ref_med",1841,278.08526708091,"ppmv CO2",0.253785987449613,"W/m2",-0.0179642261549471,"degC",8.24125288085684,"pH",8.18610604771511,"pH"
"gas_ref_med",1842,278.18744849571,"ppmv CO2",0.270054000448481,"W/m2",0.00239269163694609,"degC",8.24111561463308,"pH",8.185983011537,"pH"
"gas_ref_med",1843,278.29246352477,"ppmv CO2",0.251407102420728,"W/m2",0.0168537509461186,"degC",8.24098588345366,"pH",8.18588160178042,"pH"
"gas_ref_med",1844,278.397946531554,"ppmv CO2",0.241550931464348,"W/m2",0.0275448143948082,"degC",8.24088506654969,"pH",8.18581421225986,"pH"
"gas_ref_med",1845,278.500258363965,"ppmv CO2",0.275416761408602,"W/m2",0.039427501989184,"degC",8.24078939682516,"pH",8.18575243850893,"pH"
"gas_ref_med",1846,278.599472166805,"ppmv CO2",0.309257301415927,"W/m2",0.0525314103451755,"degC",8.24065444270259,"pH",8.18564332274503,"pH"
"gas_ref_med",1847,278.699530464757,"ppmv CO2",0.325649570574711,"W/m2",0.0648768293098911,"degC",8.24049809521387,"pH",8.18550462024097,"pH"
"gas_ref_med",1848,278.802562172323,"ppmv CO2",0.333385678524995,"W/m2",0.0757215076891228,"degC",8.24034633846633,"pH",8.18536884550163,"pH"
"gas_ref_med",1849,278.907895508569,"ppmv CO2",0.320379021401061,"W/m2",0.0836240074068548,"degC",8.24020335954561,"pH",8.18524379666217,"pH"
"gas_ref_med",1850,279.014100128529,"ppmv CO2",0.299895354711728,"W/m2",0.0885478341200537,"degC",8.24008162371699,"pH",8.18514380560067,"pH"
"gas_ref_med",1851,279.119219302555,"ppmv CO2",0.304294868462458,"W/m2",0.0933856840942424,"degC",8.23997646633507,"pH",8.18506414399753,"pH"
"gas_ref_med",1852,279.217813823885,"ppmv CO2",0.323143029341146,"W/m2",0.0995957173184578,"degC",8.23986025324887,"pH",8.18496953434596,"pH"
"gas_ref_med",1853,279.322449657287,"ppmv CO2",0.340909770934864,"W/m2",0.106726711780598,"degC",8.23971822294398,"pH",8.1848453277215,"pH"
"gas_ref_med",1854,279.436083336851,"ppmv CO2",0.352185618002178,"W/m2",0.113869120025136,"degC",8.23956120348891,"pH",8.18470562756257,"pH"
"gas_ref_med",1855,279.54879309858,"ppmv CO2",0.224510189163607,"W/m2",0.108903446483977,"degC",8.23940570967972,"pH",8.18456637520543,"pH"
"gas_ref_med",1856,279.660412661149,"ppmv CO2",-0.230591650207359,"W/m2",0.0654413557610841,"degC",8.23942320096775,"pH",8.18458683136858,"pH"
"gas_ref_med",1857,279.757445762228,"ppmv CO2",-0.481825024997798,"W/m2",0.00858423120746339,"degC",8.23981879408275,"pH",8.18503977969007,"pH"
"gas_ref_med",1858,279.801218167261,"ppmv CO2",-0.168018252621564,"W/m2",-0.00701936917457394,"degC",8.24011894045951,"pH",8.18549959658714,"pH"
"gas_ref_med",1859,279.796287795018,"ppmv CO2",0.158137518528907,"W/m2",0.0128599664452532,"degC",8.23986179526126,"pH",8.18532060884019,"pH"
"gas_ref_med",1860,279.807922878182,"ppmv CO2",0.280964695997928,"W/m2",0.0396019212199502,"degC",8.23946306691427,"pH",8.18480342688572,"pH"
"gas_ref_med",1861,279.866440146041,"ppmv CO2",0.270652722933187,"W/m2",0.0579134200488613,"degC",8.23918290612177,"pH",8.18438668981498,"pH"
"gas_ref_med",1862,279.958548217406,"ppmv CO2",0.187284297977064,"W/m2",0.06338559254064,"degC",8.23901632675963,"pH",8.18418573837964,"pH"
"gas_ref_med",1863,280.047037638029,"ppmv CO2",0.200193102672922,"W/m2",0.0678913691584855,"degC",8.23896207517008,"pH",8.18416828153821,"pH"
"gas_ref_med",1864,280.11573927352,"ppmv CO2",0.283398783165262,"W/m2",0.0790626681434044,"degC",8.23887777664323,"pH",8.18412742365809,"pH"
"gas_ref_med",1865,280.183054494095,"ppmv CO2",0.330698725202054,"W/m2",0.0925264039528137,"degC",8.23871957101211,"pH",8.18398147673252,"pH"
"gas_ref_med",1866,280.258794666668,"ppmv CO2",0.350872233091091,"W/m2",0.104857896604659,"degC",8.23856957389547,"pH",8.18382067041909,"pH"
"gas_ref_med",1867,280.341950772294,"ppmv CO2",0.360370423309715,"W/m2",0.115326765918812,"degC",8.2384359901146,"pH",8.1836876034046,"pH"
"gas_ref_med",1868,280.428960967104,"ppmv CO2",0.361887063532618,"W/m2",0.123806969402166,"degC",8.23831242349693,"pH",8.18357805946082,"pH"
"gas_ref_med",1869,280.517406172869,"ppmv CO2",0.352994306137893,"W/m2",0.129954113548448,"degC",8.23820079658468,"pH",8.1834849910754,"pH"
"gas_ref_med",1870,280.605332737006,"ppmv CO2",0.348064390551275,"W/m2",0.134685320218573,"degC",8.23810428707196,"pH",8.18340862556471,"pH"
"gas_ref_med",1871,280.691185438489,"ppmv CO2",0.347288354021625,"W/m2",0.138788290601656,"degC",8.23800839967851,"pH",8.1833343612435,"pH"
"gas_ref_med",1872,280.779807566603,"ppmv CO2",0.334375479693448,"W/m2",0.141378654030187,"degC",8.23791046335042,"pH",8.18325169833776,"pH"
"gas_ref_med",1873,280.892402608386,"ppmv CO2",0.321261013495259,"W/m2",0.142678055218525,"degC",8.23781205274434,"pH",8.18316579220551,"pH"
"gas_ref_med",1874,281.023807408122,"ppmv CO2",0.330719430992716,"W/m2",0.144957319898707,"degC",8.2376828610937,"pH",8.18307062302809,"pH"
"gas_ref_med",1875,281.149878798616,"ppmv CO2",0.325552431113084,"W/m2",0.146843611145613,"degC",8.23752437145561,"pH",8.1829463506834,"pH"
"gas_ref_med",1876,281.273989723177,"ppmv CO2",0.286922443418454,"W/m2",0.145316023159468,"degC",8.23741817982064,"pH",8.18286702875579,"pH"
"gas_ref_med",1877,281.399784661565,"ppmv CO2",0.285431257683816,"W/m2",0.144178755952755,"degC",8.23742069654702,"pH",8.18278440481503,"pH"
"gas_ref_med",1878,281.519694719085,"ppmv CO2",0.320541287853067,"W/m2",0.146857161080602,"degC",8.23734097191884,"pH",8.18267562916449,"pH"
"gas_ref_med",1879,281.636177887497,"ppmv CO2",0.345645608730567,"W/m2",0.151675582502315,"degC",8.23709423411398,"pH",8.18250490931954,"pH"
"gas_ref_med",1880,281.757598101637,"ppmv CO2",0.363262543251731,"W/m2",0.157208760589601,"degC",8.23683705679144,"pH",8.18232177258859,"pH"
"gas_ref_med",1881,281.890016776564,"ppmv CO2",0.373318431795588,"W/m2",0.162569333890451,"degC",8.23666958127128,"pH",8.18214795196173,"pH"
"gas_ref_med",1882,282.03461810749,"ppmv CO2",0.26493318384857,"W/m2",0.15754050165274,"degC",8.23655074455048,"pH",8.1819854749047,"pH"
"gas_ref_med",1883,282.174679992626,"ppmv CO2",-0.645236030486398,"W/m2",0.0744541246363003,"degC",8.23654376627414,"pH",8.18198421559234,"pH"
"gas_ref_med",1884,282.295500481168,"ppmv CO2",-1.37666512675004,"W/m2",-0.057568961800991,"degC",8.2376861323764,"pH",8.18313188930008,"pH"
"gas_ref_med",1885,282.317351621635,"ppmv CO2",-0.781788520830069,"W/m2",-0.108000505366161,"degC",8.23766028989469,"pH",8.18381725551563,"pH"
"gas_ref_med",1886,282.230558841991,"ppmv CO2",-0.286466779927146,"W/m2",-0.096559695712818,"degC",8.2378123039487,"pH",8.18386692682234,"pH"
"gas_ref_med",1887,282.158325861608,"ppmv CO2",-0.159135567653881,"W/m2",-0.0763272679930602,"degC",8.23737169684022,"pH",8.18327098740517,"pH"
"gas_ref_med",1888,282.149051443866,"ppmv CO2",-0.0472763884007408,"W/m2",-0.054543352063708,"degC",8.23703900686106,"pH",8.18281247872265,"pH"
"gas_ref_med",1889,282.189672868592,"ppmv CO2",-0.111197242764407,"W/m2",-0.0455272699997246,"degC",8.23677834874533,"pH",8.18248109819822,"pH"
"gas_ref_med",1890,282.260859128952,"ppmv CO2",-0.162103968941617,"W/m2",-0.0454580002503231,"degC",8.2366848746701,"pH",8.18237451244766,"pH"
"gas_ref_med",1891,282.338487369243,"ppmv CO2",-0.0913087150855401,"W/m2",-0.0404145940313932,"degC",8.23665559894533,"pH",8.18236842238822,"pH"
"gas_ref_med",1892,282.416382754346,"ppmv CO2",0.0834143635546267,"W/m2",-0.0213541816556283,"degC",8.23653875749726,"pH",8.18227237606709,"pH"
"gas_ref_med",1893,282.500525445354,"ppmv CO2",0.231639319946108,"W/m2",0.00650963192690835,"degC",8.23628064549733,"pH",8.18200937504667,"pH"
"gas_ref_med",1894,282.602107932367,"ppmv CO2",0.341612059160937,"W/m2",0.0372235163217596,"degC",8.23597283498308,"pH",8.1816822047839,"pH"
"gas_ref_med",1895,282.728583822619,"ppmv CO2",0.335018677581743,"W/m2",0.0599368851641602,"degC",8.23566584909595,"pH",8.18136176368389,"pH"
"gas_ref_med",1896,282.883107679162,"ppmv CO2",0.191035573310863,"W/m2",0.0642845700026592,"degC",8.23544564285514,"pH",8.18115543724877,"pH"
"gas_ref_med",1897,283.048353583383,"ppmv CO2",0.111209147551312,"W/m2",0.0599966018612017,"degC",8.23538107019787,"pH",8.18114366654744,"pH"
"gas_ref_med",1898,283.203771329324,"ppmv CO2",0.214773844594147,"W/m2",0.0662158833702342,"degC",8.23533293564919,"pH",8.18116294832976,"pH"
"gas_ref_med",1899,283.349805488716,"ppmv CO2",0.328353065452596,"W/m2",0.0824539493563231,"degC",8.23512480000308,"pH",8.18099475091974,"pH"
"gas_ref_med",1900,283.50937550807,"ppmv CO2",0.380747629981562,"W/m2",0.100303540038986,"degC",8.23482025174499,"pH",8.18070256558346,"pH"
"gas_ref_med",1901,283.692557241301,"ppmv CO2",0.369300590633388,"W/m2",0.113189959495805,"degC",8.23451851864501,"pH",8.18041154012634,"pH"
"gas_ref_med",1902,283.901978086315,"ppmv CO2",-0.0800690570687208,"W/m2",0.0841902727292437,"degC",8.23426093548371,"pH",8.18018334562754,"pH"
"gas_ref_med",1903,284.124740447824,"ppmv CO2",-0.474773152776644,"W/m2",0.0254414287366478,"degC",8.23440197890314,"pH",8.18042436353431,"pH"
"gas_ref_med",1904,284.315643284838,"ppmv CO2",-0.181294047941374,"W/m2",0.00563512642677823,"degC",8.23469919260481,"pH",8.18087056806904,"pH"
"gas_ref_med",1905,284.461000166468,"ppmv CO2",0.175026916116814,"W/m2",0.0254870481410918,"degC",8.23463547777125,"pH",8.18078917483827,"pH"
"gas_ref_med",1906,284.61673313742,"ppmv CO2",0.271060586864275,"W/m2",0.0504851802907728,"degC",8.23391089066905,"pH",8.18011680342526,"pH"
"gas_ref_med",1907,284.841804457466,"ppmv CO2",0.246367542266906,"W/m2",0.0661014364771298,"degC",8.23347897647464,"pH",8.17956367540139,"pH"
"gas_ref_med",1908,285.122689550089,"ppmv CO2",0.258344902082289,"W/m2",0.0778245556786423,"degC",8.23316059870506,"pH",8.17921996771952,"pH"
"gas_ref_med",1909,285.411715546846,"ppmv CO2",0.324951730398636,"W/m2",0.0924813017269738,"degC",8.23278508107881,"pH",8.17892616146124,"pH"
"gas_ref_med",1910,285.695460449366,"ppmv CO2",0.360264367189838,"W/m2",0.107272360882325,"degC",8.23238594613943,"pH",8.17858062492911,"pH"
"gas_ref_med",1911,285.994057073064,"ppmv CO2",0.373625346012258,"W/m2",0.119988794749251,"degC",8.23200870088231,"pH",8.17823333372508,"pH"
"gas_ref_med",1912,286.290364881726,"ppmv CO2",0.137081067073737,"W/m2",0.109510166732874,"degC",8.23163875679394,"pH",8.17791380895601,"pH"
"gas_ref_med",1913,286.577062276814,"ppmv CO2",0.0360156369767151,"W/m2",0.0915944424883955,"degC",8.23154463051411,"pH",8.17788040418865,"pH"
"gas_ref_med",1914,286.843176433762,"ppmv CO2",0.254574842658763,"W/m2",0.0975557154999495,"degC",8.23138720105451,"pH",8.17784721072178,"pH"
"gas_ref_med",1915,287.065122003747,"ppmv CO2",0.363977898505856,"W/m2",0.114024837090935,"degC",8.23090432994565,"pH",8.17745692124105,"pH"
"gas_ref_med",1916,287.269200329994,"ppmv CO2",0.397311170987098,"W/m2",0.129759985700706,"degC",8.23050823280048,"pH",8.17701721598801,"pH"
"gas_ref_med",1917,287.499395884633,"ppmv CO2",0.411582304954005,"W/m2",0.142824627938868,"degC",8.23018646234832,"pH",8.17666193492393,"pH"
"gas_ref_med",1918,287.762283174432,"ppmv CO2",0.423693663478931,"W/m2",0.153953163941033,"degC",8.22984986476879,"pH",8.17635981240544,"pH"
"gas_ref_med",1919,288.031317567232,"ppmv CO2",0.422871430253279,"W/m2",0.162749512829226,"degC",8.22950585283616,"pH",8.17607879154139,"pH"
"gas_ref_med",1920,288.263215734344,"ppmv CO2",0.344570742313517,"W/m2",0.163112107211269,"degC",8.22920624748815,"pH",8.17583335371035,"pH"
"gas_ref_med",1921,288.492734601572,"ppmv CO2",0.327685013417685,"W/m2",0.161955469127528,"degC",8.22903260877143,"pH",8.17568639340922,"pH"
"gas_ref_med",1922,288.715927306363,"ppmv CO2",0.411124954964444,"W/m2",0.169045099903568,"degC",8.22879050076778,"pH",8.17552369863549,"pH"
"gas_ref_med",1923,288.914699771969,"ppmv CO2",0.430053964940717,"W/m2",0.177307466034483,"degC",8.22846965609808,"pH",8.17524135155568,"pH"
"gas_ref_med",1924,289.153508284417,"ppmv CO2",0.415479876272121,"W/m2",0.18265859551691,"degC",8.22818777176472,"pH",8.17495494655333,"pH"
"gas_ref_med",1925,289.41868966557,"ppmv CO2",0.414453951257377,"W/m2",0.186859239974221,"degC",8.22796507242311,"pH",8.17478198574807,"pH"
"gas_ref_med",1926,289.67949559914,"ppmv CO2",0.42125560053375,"W/m2",0.191129864039946,"degC",8.22786337113832,"pH",8.17452511839885,"pH"
"gas_ref_med",1927,289.937768066981,"ppmv CO2",0.418098146858382,"W/m2",0.194641836565558,"degC",8.22765150155457,"pH",8.17425355557432,"pH"
"gas_ref_med",1928,290.218718904848,"ppmv CO2",0.368090905487775,"W/m2",0.193412810016263,"degC",8.22728111344111,"pH",8.17398774494163,"pH"
"gas_ref_med",1929,290.518781287547,"ppmv CO2",0.318118350376708,"W/m2",0.18827521273128,"degC",8.2269277038021,"pH",8.17377582737396,"pH"
"gas_ref_med",1930,290.829966761576,"ppmv CO2",0.343778573323396,"W/m2",0.18686294394537,"degC",8.22668729694298,"pH",8.1735812485723,"pH"
"gas_ref_med",1931,291.142279481372,"ppmv CO2",0.369368094604245,"W/m2",0.188782209016915,"degC",8.22637503882444,"pH",8.17327871567041,"pH"
"gas_ref_med",1932,291.415376312615,"ppmv CO2",0.338062390742016,"W/m2",0.187971773549488,"degC",8.22595647129898,"pH",8.17293493381914,"pH"
"gas_ref_med",1933,291.619249682437,"ppmv CO2",0.345984517006064,"W/m2",0.187975266138668,"degC",8.2255774557206,"pH",8.17269238250364,"pH"
"gas_ref_med",1934,291.788517414005,"ppmv CO2",0.382772680833869,"W/m2",0.191534920613323,"degC",8.22529720961611,"pH",8.17247992796242,"pH"
"gas_ref_med",1935,291.981847731745,"ppmv CO2",0.388841342696123,"W/m2",0.195228341550492,"degC",8.2250943117836,"pH",8.17223173392561,"pH"
"gas_ref_med",1936,292.201486185521,"ppmv CO2",0.399530514575684,"W/m2",0.199075955184969,"degC",8.22491330208878,"pH",8.17199703569635,"pH"
"gas_ref_med",1937,292.453587602726,"ppmv CO2",0.398161634141359,"W/m2",0.202119508216521,"degC",8.22464928290337,"pH",8.17175416252995,"pH"
"gas_ref_med",1938,292.737215035242,"ppmv CO2",0.382664303010076,"W/m2",0.203272543626368,"degC",8.22431787948795,"pH",8.17150314641396,"pH"
"gas_ref_med",1939,293.010475781537,"ppmv CO2",0.383803102050575,"W/m2",0.20439443771185,"degC",8.22397614353287,"pH",8.17126330759392,"pH"
"gas_ref_med",1940,293.271899354768,"ppmv CO2",0.403964977547792,"W/m2",0.207322480539898,"degC",8.22367073561403,"pH",8.17101228076815,"pH"
"gas_ref_med",1941,293.55910724643,"ppmv CO2",0.417004431101996,"W/m2",0.211085878249869,"degC",8.22338976318687,"pH",8.17072023309153,"pH"
"gas_ref_med",1942,293.865440283346,"ppmv CO2",0.399692929847678,"W/m2",0.212719018168288,"degC",8.22307124263779,"pH",8.17040793554189,"pH"
"gas_ref_med",1943,294.17564784211,"ppmv CO2",0.399065349225498,"W/m2",0.213976897420541,"degC",8.22272346449217,"pH",8.17012713699631,"pH"
"gas_ref_med",1944,294.493003487459,"ppmv CO2",0.426861339480902,"W/m2",0.217642988130449,"degC",8.22234386619553,"pH",8.16983641757144,"pH"
"gas_ref_med",1945,294.810690036713,"ppmv CO2",0.442574328000436,"W/m2",0.222254997494267,"degC",8.22193289121348,"pH",8.16949570098517,"pH"
"gas_ref_med",1946,295.071667824422,"ppmv CO2",0.454157044660682,"W/m2",0.227030055974171,"degC",8.22150686071211,"pH",8.16916636813741,"pH"
"gas_ref_med",1947,295.317522442711,"ppmv CO2",0.450388165681808,"W/m2",0.230595697904835,"degC",8.22118686977354,"pH",8.16887621179439,"pH"
"gas_ref_med",1948,295.637364330958,"ppmv CO2",0.454370794154656,"W/m2",0.233846984277953,"degC",8.22097643588662,"pH",8.16860028674467,"pH"
"gas_ref_med",1949,296.005877110662,"ppmv CO2",0.453970868131474,"W/m2",0.236612000721402,"degC",8.22067682001553,"pH",8.16828721608876,"pH"
"gas_ref_med",1950,296.370072568175,"ppmv CO2",0.458779599926662,"W/m2",0.239425043406987,"degC",8.22020794951309,"pH",8.16795024448954,"pH"
"gas_ref_med",1951,296.765453985463,"ppmv CO2",0.453503290195242,"W/m2",0.241450686717747,"degC",8.21974130186337,"pH",8.16758935864183,"pH"
"gas_ref_med",1952,297.275626780814,"ppmv CO2",0.441636866035062,"W/m2",0.242219456474594,"degC",8.2193945197317,"pH",8.1671845952214,"pH"
"gas_ref_med",1953,297.85014094754,"ppmv CO2",0.429390967798918,"W/m2",0.241981172492946,"degC",8.21895403123596,"pH",8.16672150800745,"pH"
"gas_ref_med",1954,298.419712648045,"ppmv CO2",0.432213113207264,"W/m2",0.242299476013336,"degC",8.21829934989673,"pH",8.16622235381802,"pH"
"gas_ref_med",1955,298.993574230914,"ppmv CO2",0.453276628120768,"W/m2",0.244711906633606,"degC",8.21755726587285,"pH",8.16568544565878,"pH"
"gas_ref_med",1956,299.614733422269,"ppmv CO2",0.466250738529109,"W/m2",0.248063786949817,"degC",8.21690453572237,"pH",8.16509200117789,"pH"
"gas_ref_med",1957,300.307705075346,"ppmv CO2",0.479350637051422,"W/m2",0.251989338752021,"degC",8.21631141008962,"pH",8.16445231162435,"pH"
"gas_ref_med",1958,301.045576320118,"ppmv CO2",0.488819053229265,"W/m2",0.256047265106515,"degC",8.21558188359102,"pH",8.16376769924212,"pH"
"gas_ref_med",1959,301.809551504242,"ppmv CO2",0.490591347162908,"W/m2",0.259530788447456,"degC",8.2146842782436,"pH",8.16305226432196,"pH"
"gas_ref_med",1960,302.576538669263,"ppmv CO2",0.422019916638829,"W/m2",0.256467569465583,"degC",8.21374782825204,"pH",8.16232786038103,"pH"
"gas_ref_med",1961,303.347137489764,"ppmv CO2",0.337876283076393,"W/m2",0.246644418408899,"degC",8.21300486850287,"pH",8.16169347969004,"pH"
"gas_ref_med",1962,304.125380022612,"ppmv CO2",0.270799152876283,"W/m2",0.233309182594347,"degC",8.21236799002842,"pH",8.16111396767412,"pH"
"gas_ref_med",1963,304.903991032553,"ppmv CO2",-0.202444734558999,"W/m2",0.182326430087793,"degC",8.21165488652505,"pH",8.16051952663007,"pH"
"gas_ref_med",1964,305.703826606154,"ppmv CO2",-0.550945860012676,"W/m2",0.110590284238585,"degC",8.21144612007679,"pH",8.16043893014738,"pH"
"gas_ref_med",1965,306.495545760059,"ppmv CO2",-0.220394393131975,"W/m2",0.0839425784664865,"degC",8.21121049138461,"pH",8.1604119163807,"pH"
"gas_ref_med",1966,307.272038172267,"ppmv CO2",0.172282059412117,"W/m2",0.101084482928838,"degC",8.20990683547656,"pH",8.15942538590384,"pH"
"gas_ref_med",1967,308.115911844379,"ppmv CO2",0.312981389256282,"W/m2",0.127162713572078,"degC",8.20826688750353,"pH",8.15789962021005,"pH"
"gas_ref_med",1968,309.053945486457,"ppmv CO2",0.128781743267343,"W/m2",0.129167866420423,"degC",8.20707610396972,"pH",8.15656731219662,"pH"
"gas_ref_med",1969,310.046824935928,"ppmv CO2",0.0690255729122018,"W/m2",0.122370820403015,"degC",8.20638455345543,"pH",8.15580475745923,"pH"
"gas_ref_med",1970,311.071472513686,"ppmv CO2",0.327529573159991,"W/m2",0.139000615073666,"degC",8.20541811627229,"pH",8.15509133778552,"pH"
"gas_ref_med",1971,312.151334754333,"ppmv CO2",0.542652775735926,"W/m2",0.17196050853288,"degC",8.20381864519379,"pH",8.15387293253669,"pH"
"gas_ref_med",1972,313.279809868282,"ppmv CO2",0.629052083456829,"W/m2",0.204806736085025,"degC",8.20222249013687,"pH",8.15245293551662,"pH"
"gas_ref_med",1973,314.448642030822,"ppmv CO2",0.631217275289861,"W/m2",0.229437176701528,"degC",8.20098279051679,"pH",8.15116333850883,"pH"
"gas_ref_med",1974,315.688135526026,"ppmv CO2",0.535134106781769,"W/m2",0.239482442196597,"degC",8.19986341864477,"pH",8.15003682074893,"pH"
"gas_ref_med",1975,316.949918121425,"ppmv CO2",0.485762083692202,"W/m2",0.242525345627895,"degC",8.19863107080355,"pH",8.1490702817089,"pH"
"gas_ref_med",1976,318.162295181416,"ppmv CO2",0.659760209584061,"W/m2",0.260540120189287,"degC",8.19721813117589,"pH",8.14809540626328,"pH"
"gas_ref_med",1977,319.403017893331,"ppmv CO2",0.86186002230817,"W/m2",0.293880647703498,"degC",8.19567994501706,"pH",8.1467906106061,"pH"
"gas_ref_med",1978,320.735258236398,"ppmv CO2",0.889515761597542,"W/m2",0.323120432269469,"degC",8.19417462636895,"pH",8.14526280022754,"pH"
"gas_ref_med",1979,322.109559764307,"ppmv CO2",0.925803141826997,"W/m2",0.348551856564342,"degC",8.19277978759746,"pH",8.14388875208512,"pH"
"gas_ref_med",1980,323.535872019645,"ppmv CO2",1.0335965636867,"W/m2",0.378068262308194,"degC",8.19123813802565,"pH",8.14257520430093,"pH"
"gas_ref_med",1981,324.967970660212,"ppmv CO2",1.01246095564529,"W/m2",0.400311008759038,"degC",8.18941940147271,"pH",8.1411533478711,"pH"
"gas_ref_med",1982,326.326275878345,"ppmv CO2",0.387508824828837,"W/m2",0.363773430174567,"degC",8.18780519631844,"pH",8.13987561422747,"pH"
"gas_ref_med",1983,327.651873797962,"ppmv CO2",0.148930071752684,"W/m2",0.312362857821241,"degC",8.18734656632937,"pH",8.13949777893398,"pH"
"gas_ref_med",1984,328.904160622192,"ppmv CO2",0.750733325044713,"W/m2",0.327247587320623,"degC",8.18526890154073,"pH",8.13828031211941,"pH"
"gas_ref_med",1985,330.12120995777,"ppmv CO2",1.09133559746152,"W/m2",0.374454615668599,"degC",8.18272118232411,"pH",8.13676932748098,"pH"
"gas_ref_med",1986,331.451053992272,"ppmv CO2",1.19772787106186,"W/m2",0.420464591937657,"degC",8.18129494862673,"pH",8.13502724825077,"pH"
"gas_ref_med",1987,332.884767281404,"ppmv CO2",1.2785314688198,"W/m2",0.461828913431306,"degC",8.17917669423594,"pH",8.13332385507072,"pH"
"gas_ref_med",1988,334.391046378686,"ppmv CO2",1.36934128333739,"W/m2",0.501596270556256,"degC",8.17745120158117,"pH",8.13189865561514,"pH"
"gas_ref_med",1989,335.962952103776,"ppmv CO2",1.44173227647035,"W/m2",0.539359077949784,"degC",8.17572268189732,"pH",8.13042685706446,"pH"
"gas_ref_med",1990,337.591506415475,"ppmv CO2",1.4564920884652,"W/m2",0.570852358907356,"degC",8.17394786709051,"pH",8.1289187610049,"pH"
"gas_ref_med",1991,339.264207947819,"ppmv CO2",0.566175251620818,"W/m2",0.519148824335298,"degC",8.1721684560277,"pH",8.12742038649007,"pH"
"gas_ref_med",1992,341.009421837225,"ppmv CO2",0.0481599496832417,"W/m2",0.430604545092452,"degC",8.17099186312295,"pH",8.12673962782399,"pH"
"gas_ref_med",1993,342.673775495321,"ppmv CO2",0.808838555028786,"W/m2",0.430513130277069,"degC",8.16983883057301,"pH",8.12615231135865,"pH"
"gas_ref_med",1994,344.158914155307,"ppmv CO2",1.4061387719947,"W/m2",0.491180860398891,"degC",8.16785618612258,"pH",8.12439731930266,"pH"
"gas_ref_med",1995,345.642250495042,"ppmv CO2",1.63751382144071,"W/m2",0.559731311546739,"degC",8.16566320885399,"pH",8.12220852015087,"pH"
"gas_ref_med",1996,347.233422528626,"ppmv CO2",1.73192848463047,"W/m2",0.619104597612954,"degC",8.16362790556124,"pH",8.12023076088974,"pH"
"gas_ref_med",1997,348.908063109698,"ppmv CO2",1.83398273322917,"W/m2",0.67286717196173,"degC",8.16171842009913,"pH",8.11849755660832,"pH"
"gas_ref_med",1998,350.625242278722,"ppmv CO2",1.89874964067532,"W/m2",0.720632517427188,"degC",8.15982914100094,"pH",8.11685053650985,"pH"
"gas_ref_med",1999,352.341007670949,"ppmv CO2",1.96188113541143,"W/m2",0.764139124234996,"degC",8.1579807336524,"pH",8.11526909590105,"pH"
"gas_ref_med",2000,354.007273105836,"ppmv CO2",1.99400331357431,"W/m2",0.802247437212839,"degC",8.1561873952434,"pH",8.11373257840893,"pH"
"gas_ref_med",2001,355.676708075096,"ppmv CO2",2.03198728090121,"W/m2",0.836826199344428,"degC",8.15441632900088,"pH",8.1122290776857,"pH"
"gas_ref_med",2002,357.359371275158,"ppmv CO2",2.08553870539828,"W/m2",0.870366829962856,"degC",8.15264567362954,"pH",8.11073771780661,"pH"
"gas_ref_med",2003,358.990056583354,"ppmv CO2",2.10069196300933,"W/m2",0.899974023816282,"degC",8.15090757792052,"pH",8.10925007412383,"pH"
"gas_ref_med",2004,360.672896995592,"ppmv CO2",2.11852688533229,"W/m2",0.926524474917814,"degC",8.14914809440799,"pH",8.10775504908519,"pH"
"gas_ref_med",2005,362.50386635565,"ppmv CO2",2.09088712584246,"W/m2",0.946952289044178,"degC",8.14727691962234,"pH",8.1061943906141,"pH"
"gas_ref_med",2006,364.450878777084,"ppmv CO2",1.99022085984614,"W/m2",0.956085201274993,"degC",8.14532973320387,"pH",8.10459588949807,"pH"
"gas_ref_med",2007,366.46370618585,"ppmv CO2",1.93931699259699,"W/m2",0.960546287633072,"degC",8.14337316729118,"pH",8.10302103658302,"pH"
"gas_ref_med",2008,368.506501044024,"ppmv CO2",1.95689782069751,"W/m2",0.967917173242357,"degC",8.14136457678432,"pH",8.10139491962705,"pH"
"gas_ref_med",2009,370.58164519428,"ppmv CO2",1.97515102194866,"W/m2",0.977745871274123,"degC",8.13927098790857,"pH",8.09966105472117,"pH"
"gas_ref_med",2010,372.698616804294,"ppmv CO2",1.99414090863168,"W/m2",0.989035318078499,"degC",8.13712343222406,"pH",8.09786073380067,"pH"
"gas_ref_med",2011,374.861045574397,"ppmv CO2",2.03092901233594,"W/m2",1.00274601021394,"degC",8.13493067736476,"pH",8.09605017258508,"pH"
"gas_ref_med",2012,376.669426325773,"ppmv CO2",2.06230305815296,"W/m2",1.01782249736695,"degC",8.13304857298052,"pH",8.09442359575112,"pH"
"gas_ref_med",2013,378.169260766839,"ppmv CO2",2.0889962195166,"W/m2",1.03336071981999,"degC",8.13218959947326,"pH",8.09318710940232,"pH"
"gas_ref_med",2014,379.759725059477,"ppmv CO2",2.11670570661122,"W/m2",1.04927583113483,"degC",8.12974610902939,"pH",8.09143636318424,"pH"
"gas_ref_med",2015,381.465452685429,"ppmv CO2",2.14575091086571,"W/m2",1.0656072793295,"degC",8.1280062114193,"pH",8.0900140036493,"pH"
"gas_ref_med",2016,383.265202983838,"ppmv CO2",2.17627278515581,"W/m2",1.08239188133063,"degC",8.12620801365955,"pH",8.08851177448285,"pH"
"gas_ref_med",2017,385.217458576004,"ppmv CO2",2.20935656241754,"W/m2",1.09975078303332,"degC",8.12426662458179,"pH",8.08690052814107,"pH"
"gas_ref_med",2018,387.313696258712,"ppmv CO2",2.24479659299061,"W/m2",1.11776670612872,"degC",8.12219900050463,"pH",8.08518883501245,"pH"
"gas_ref_med",2019,389.493350601516,"ppmv CO2",2.28167805324887,"W/m2",1.13642075052234,"degC",8.12004620324376,"pH",8.08339559345988,"pH"
"gas_ref_med",2020,391.759383980039,"ppmv CO2",2.31997747514652,"W/m2",1.15569378029389,"degC",8.11781343750056,"pH",8.08152987186931,"pH"
"gas_ref_med",2021,394.112491222077,"ppmv CO2",2.36165295000804,"W/m2",1.17574812107449,"degC",8.11550260900197,"pH",8.07959713341693,"pH"
"gas_ref_med",2022,396.539348116244,"ppmv CO2",2.40464748826843,"W/m2",1.19654743015278,"degC",8.11312646170821,"pH",8.0776046685354,"pH"
"gas_ref_med",2023,399.042297191819,"ppmv CO2",2.44893767437723,"W/m2",1.21804485610925,"degC",8.11068315875373,"pH",8.07555281020043,"pH"
"gas_ref_med",2024,401.634605956678,"ppmv CO2",2.49464230194565,"W/m2",1.2402245232491,"degC",8.10816547914824,"pH",8.07343946538841,"pH"
"gas_ref_med",2025,404.314116642775,"ppmv CO2",2.54167715933725,"W/m2",1.26307312192563,"degC",8.10557500053503,"pH",8.07126486927703,"pH"
"gas_ref_med",2026,407.078895472164,"ppmv CO2",2.59167792630749,"W/m2",1.28672437472088,"degC",8.10291425265871,"pH",8.06902961537827,"pH"
"gas_ref_med",2027,409.937580695366,"ppmv CO2",2.6432611653918,"W/m2",1.31117395054235,"degC",8.10017518312344,"pH",8.06672901944899,"pH"
"gas_ref_med",2028,412.886610469211,"ppmv CO2",2.69630525043787,"W/m2",1.33639492862446,"degC",8.09736439206281,"pH",8.06436764101961,"pH"
"gas_ref_med",2029,415.913251221179,"ppmv CO2",2.75058628112093,"W/m2",1.36235273954201,"degC",8.09449194890351,"pH",8.06195149362628,"pH"
"gas_ref_med",2030,419.016666911331,"ppmv CO2",2.8060329628096,"W/m2",1.38901742594621,"degC",8.09156081379427,"pH",8.05948420048307,"pH"
"gas_ref_med",2031,422.195830615069,"ppmv CO2",2.86306714978242,"W/m2",1.41640556538256,"degC",8.0885735698591,"pH",8.05696441113108,"pH"
"gas_ref_med",2032,425.497483776136,"ppmv CO2",2.92131953053622,"W/m2",1.44450283797307,"degC",8.08548703316094,"pH",8.05436942992732,"pH"
"gas_ref_med",2033,428.917682342058,"ppmv CO2",2.98065038469491,"W/m2",1.47328356933811,"degC",8.08231591941625,"pH",8.05170723138611,"pH"
"gas_ref_med",2034,432.408812948499,"ppmv CO2",3.04039505499541,"W/m2",1.50267180428258,"degC",8.07909246235305,"pH",8.04899362177167,"pH"
"gas_ref_med",2035,435.970735744408,"ppmv CO2",3.10050267739055,"W/m2",1.53260252935695,"degC",8.075821248539,"pH",8.04623640045904,"pH"
"gas_ref_med",2036,439.602675990065,"ppmv CO2",3.16108595575113,"W/m2",1.56303885378984,"degC",8.07250483026336,"pH",8.04344026561781,"pH"
"gas_ref_med",2037,443.296213105248,"ppmv CO2",3.22162373173499,"W/m2",1.59390915790097,"degC",8.06915246615202,"pH",8.04061089022339,"pH"
"gas_ref_med",2038,447.057051161023,"ppmv CO2",3.28218583190047,"W/m2",1.62516062082715,"degC",8.06575812127869,"pH",8.03774578841013,"pH"
"gas_ref_med",2039,450.897406555472,"ppmv CO2",3.34291523153274,"W/m2",1.65676672352294,"degC",8.06231499995287,"pH",8.03484163514542,"pH"
"gas_ref_med",2040,454.816145964512,"ppmv CO2",3.40379255141171,"W/m2",1.68870540616968,"degC",8.05882436460034,"pH",8.03189797755502,"pH"
"gas_ref_med",2041,458.812086294271,"ppmv CO2",3.46517081864219,"W/m2",1.7209881774182,"degC",8.05528792381211,"pH",8.02891877880151,"pH"
"gas_ref_med",2042,462.846692039847,"ppmv CO2",3.52639967636629,"W/m2",1.75356814271237,"degC",8.0517436849074,"pH",8.02592428560172,"pH"
"gas_ref_med",2043,466.920215182103,"ppmv CO2",3.58754527962198,"W/m2",1.78640807255494,"degC",8.04818145994085,"pH",8.02291121670109,"pH"
"gas_ref_med",2044,471.067147783122,"ppmv CO2",3.64905118493138,"W/m2",1.81951914349772,"degC",8.04458114661814,"pH",8.0198705809517,"pH"
"gas_ref_med",2045,475.286129743848,"ppmv CO2",3.71092983911684,"W/m2",1.85291283482494,"degC",8.04094349902474,"pH",8.01679959493196,"pH"
"gas_ref_med",2046,479.576430177221,"ppmv CO2",3.77344209661378,"W/m2",1.88661753223572,"degC",8.03726964715823,"pH",8.01370048404492,"pH"
"gas_ref_med",2047,483.907570177007,"ppmv CO2",3.83614841786366,"W/m2",1.92061684756348,"degC",8.03359016894837,"pH",8.01058913230932,"pH"
"gas_ref_med",2048,488.279246298588,"ppmv CO2",3.8990551729216,"W/m2",1.95489390910201,"degC",8.0298958852897,"pH",8.0074626220871,"pH"
"gas_ref_med",2049,492.718734573754,"ppmv CO2",3.96246055938615,"W/m2",1.98946246220816,"degC",8.02617150211857,"pH",8.00431381835253,"pH"
"gas_ref_med",2050,497.225546907719,"ppmv CO2",4.026353133393,"W/m2",2.02433379378819,"degC",8.02241770414938,"pH",8.00114054056121,"pH"
"gas_ref_med",2051,501.79959674268,"ppmv CO2",4.08968243002032,"W/m2",2.05942391524643,"degC",8.0186351506649,"pH",7.99794682263815,"pH"
"gas_ref_med",2052,506.389843687699,"ppmv CO2",4.15256466895666,"W/m2",2.09467116900779,"degC",8.014875499679,"pH",7.99475985890463,"pH"
"gas_ref_med",2053,510.998582745595,"ppmv CO2",4.21505465926987,"W/m2",2.13003746124526,"degC",8.01111651616028,"pH",7.99157130220553,"pH"
"gas_ref_med",2054,515.674674042334,"ppmv CO2",4.27768804233416,"W/m2",2.1655401457606,"degC",8.00733118990908,"pH",7.98836695911467,"pH"
"gas_ref_med",2055,520.41746105587,"ppmv CO2",4.34047070508781,"W/m2",2.20119502218381,"degC",8.00352046016463,"pH",7.98514230428286,"pH"
"gas_ref_med",2056,525.22698747558,"ppmv CO2",4.40409212646935,"W/m2",2.23707022282056,"degC",7.99968487575018,"pH",7.98189724193487,"pH"
"gas_ref_med",2057,530.09164594363,"ppmv CO2",4.46763757774548,"W/m2",2.27314115735518,"degC",7.99583678629149,"pH",7.97863756553124,"pH"
"gas_ref_med",2058,535.009829795567,"ppmv CO2",4.53111409308246,"W/m2",2.30937995701392,"degC",7.99197332891239,"pH",7.97536323134671,"pH"
"gas_ref_med",2059,539.990838140557,"ppmv CO2",4.59462875062645,"W/m2",2.34577696957527,"degC",7.98809018788537,"pH",7.97207235980907,"pH"
"gas_ref_med",2060,545.035142173612,"ppmv CO2",4.6581946259478,"W/m2",2.3823270507594,"degC",7.98418782543152,"pH",7.96876442626132,"pH"
"gas_ref_med",2061,550.143365328264,"ppmv CO2",4.72127734375486,"W/m2",2.41897936356227,"degC",7.9802665546442,"pH",7.96544068173286,"pH"
"gas_ref_med",2062,555.301255284057,"ppmv CO2",4.7843809254797,"W/m2",2.45573447966803,"degC",7.9763417158182,"pH",7.96210923967342,"pH"
"gas_ref_med",2063,560.508854778029,"ppmv CO2",4.84750890858209,"W/m2",2.49259773935941,"degC",7.97240624945245,"pH",7.95876761318427,"pH"
"gas_ref_med",2064,565.779601209327,"ppmv CO2",4.91078448326457,"W/m2",2.52958162087559,"degC",7.96845422958777,"pH",7.95541226322,"pH"
"gas_ref_med",2065,571.113578117638,"ppmv CO2",4.97420468193037,"W/m2",2.5666948765687,"degC",7.96448654753034,"pH",7.95204244349746,"pH"
"gas_ref_med",2066,576.511118678741,"ppmv CO2",5.03791266374513,"W/m2",2.6039552168012,"degC",7.96050366641647,"pH",7.94865812568775,"pH"
"gas_ref_med",2067,581.973371530997,"ppmv CO2",5.10174851926299,"W/m2",2.64136254556212,"degC",7.9565052682814,"pH",7.94525919631299,"pH"
"gas_ref_med",2068,587.499438208882,"ppmv CO2",5.16570041914138,"W/m2",2.67891374980704,"degC",7.95249357633317,"pH",7.94184694732602,"pH"
"gas_ref_med",2069,593.087805222158,"ppmv CO2",5.22974939852981,"W/m2",2.71660496195805,"degC",7.9484697895345,"pH",7.93842236501006,"pH"
"gas_ref_med",2070,598.738898392346,"ppmv CO2",5.29389679226388,"W/m2",2.75443322751407,"degC",7.94443424951995,"pH",7.93498590902774,"pH"
"gas_ref_med",2071,604.453052810114,"ppmv CO2",5.35901566482428,"W/m2",2.79247181513695,"degC",7.94038743500159,"pH",7.93153868104139,"pH"
"gas_ref_med",2072,610.222065691647,"ppmv CO2",5.42406965970343,"W/m2",2.83069250739047,"degC",7.93633871162696,"pH",7.92808573534114,"pH"
"gas_ref_med",2073,616.036444656904,"ppmv CO2",5.48898031672843,"W/m2",2.86905674956055,"degC",7.93229284992454,"pH",7.92463173268324,"pH"
"gas_ref_med",2074,621.895148273752,"ppmv CO2",5.55374422597618,"W/m2",2.90753755055491,"degC",7.92824996767312,"pH",7.92117809242993,"pH"
"gas_ref_med",2075,627.798927659082,"ppmv CO2",5.61837275640965,"W/m2",2.94611656016702,"degC",7.92420983910521,"pH",7.91772496300778,"pH"
"gas_ref_med",2076,633.748429734964,"ppmv CO2",5.6816203817214,"W/m2",2.98467213671148,"degC",7.92017235584927,"pH",7.91427195114616,"pH"
"gas_ref_med",2077,639.747509245663,"ppmv CO2",5.7447880013382,"W/m2",3.0232153750058,"degC",7.91613379662315,"pH",7.9108179594574,"pH"
"gas_ref_med",2078,645.796335105299,"ppmv CO2",5.80786959702099,"W/m2",3.06176665925451,"degC",7.91209716161379,"pH",7.90736332886644,"pH"
"gas_ref_med",2079,651.892376418589,"ppmv CO2",5.87085310067459,"W/m2",3.10033538915618,"degC",7.90806331900915,"pH",7.90390862839911,"pH"
"gas_ref_med",2080,658.036384963729,"ppmv CO2",5.93374006761481,"W/m2",3.13892632255433,"degC",7.9040320269024,"pH",7.90045389067983,"pH"
"gas_ref_med",2081,664.22900979749,"ppmv CO2",5.99635501017125,"W/m2",3.17752654825319,"degC",7.90000322660982,"pH",7.89699948625632,"pH"
"gas_ref_med",2082,670.466062876311,"ppmv CO2",6.05858755413256,"W/m2",3.21611458411791,"degC",7.89598179410635,"pH",7.89354801302442,"pH"
"gas_ref_med",2083,676.74613577661,"ppmv CO2",6.12045039295589,"W/m2",3.25467435831423,"degC",7.89196582753424,"pH",7.89009934487345,"pH"
"gas_ref_med",2084,683.072296799631,"ppmv CO2",6.18198825278849,"W/m2",3.29319745554468,"degC",7.88795457977875,"pH",7.88665282545184,"pH"
"gas_ref_med",2085,689.445035610649,"ppmv CO2",6.24322456275637,"W/m2",3.3316790894819,"degC",7.88394809355017,"pH",7.88320824362597,"pH"
"gas_ref_med",2086,695.864883125281,"ppmv CO2",6.30375474537071,"W/m2",3.37007972306157,"degC",7.87994621444076,"pH",7.87976538813698,"pH"
"gas_ref_med",2087,702.332779529419,"ppmv CO2",6.36404619456399,"W/m2",3.40840596427939,"degC",7.8759484348445,"pH",7.87632428919823,"pH"
"gas_ref_med",2088,708.848055436615,"ppmv CO2",6.42410887856227,"W/m2",3.44666739571461,"degC",7.87195649321975,"pH",7.87288551681466,"pH"
"gas_ref_med",2089,715.409737441475,"ppmv CO2",6.48393956820546,"W/m2",3.48486875059401,"degC",7.86797052130648,"pH",7.8694493612625,"pH"
"gas_ref_med",2090,722.018218884117,"ppmv CO2",6.54355082305452,"W/m2",3.52301335234783,"degC",7.86399049950021,"pH",7.86601585219305,"pH"
"gas_ref_med",2091,728.673882395584,"ppmv CO2",6.60144963447735,"W/m2",3.56097371804828,"degC",7.86001641266517,"pH",7.86258491083555,"pH"
"gas_ref_med",2092,735.377748448854,"ppmv CO2",6.65887914803025,"W/m2",3.59874962461883,"degC",7.85604675876551,"pH",7.85915685743514,"pH"
"gas_ref_med",2093,742.12911570136,"ppmv CO2",6.71586044583339,"W/m2",3.63635579724228,"degC",7.85208398939427,"pH",7.85573204440178,"pH"
"gas_ref_med",2094,748.926944464137,"ppmv CO2",6.7724110460065,"W/m2",3.67380061436049,"degC",7.8481281573099,"pH",7.85231068672313,"pH"
"gas_ref_med",2095,755.771595997512,"ppmv CO2",6.82855383804208,"W/m2",3.71109008793009,"degC",7.84417926297722,"pH",7.84889281663702,"pH"
"gas_ref_med",2096,762.663321748271,"ppmv CO2",6.888809321084,"W/m2",3.74861869828335,"degC",7.8402371021201,"pH",7.84547637283613,"pH"
"gas_ref_med",2097,769.624493023719,"ppmv CO2",6.9494787915858,"W/m2",3.78639601516342,"degC",7.83628152536579,"pH",7.84204708006891,"pH"
"gas_ref_med",2098,776.676394841951,"ppmv CO2",7.01067776227645,"W/m2",3.82439775999611,"degC",7.83231039772586,"pH",7.8386013746139,"pH"
"gas_ref_med",2099,783.818257030499,"ppmv CO2",7.07236146041476,"W/m2",3.86261370243524,"degC",7.8283244711493,"pH",7.83513963210303,"pH"
"gas_ref_med",2100,791.050075643233,"ppmv CO2",7.13449920248737,"W/m2",3.90103813446938,"degC",7.82432476209447,"pH",7.8316624068772,"pH"
"gas_ref_med",2101,798.371915144457,"ppmv CO2",7.19282966645246,"W/m2",3.93930076048018,"degC",7.82031266782224,"pH",7.8281749520194,"pH"
"gas_ref_med",2102,805.73481073675,"ppmv CO2",7.25059341541007,"W/m2",3.97737351676073,"degC",7.81633691041333,"pH",7.82470720360548,"pH"
"gas_ref_med",2103,813.091647176341,"ppmv CO2",7.30750576616265,"W/m2",4.01524863047826,"degC",7.81239735407703,"pH",7.82126851895625,"pH"
"gas_ref_med",2104,820.443584872518,"ppmv CO2",7.36360631075345,"W/m2",4.05291237372915,"degC",7.80849424176285,"pH",7.81785897429957,"pH"
"gas_ref_med",2105,827.791591837616,"ppmv CO2",7.41893136041317,"W/m2",4.09035402588273,"degC",7.80462590161137,"pH",7.81447773454605,"pH"
"gas_ref_med",2106,835.136791928838,"ppmv CO2",7.4735163158657,"W/m2",4.12756585127195,"degC",7.80079127761032,"pH",7.81112383285528,"pH"
"gas_ref_med",2107,842.480463446438,"ppmv CO2",7.52739573878976,"W/m2",4.16454276417814,"degC",7.79698923621413,"pH",7.80779632872038,"pH"
"gas_ref_med",2108,849.823563429823,"ppmv CO2",7.5806003988737,"W/m2",4.20128167237899,"degC",7.79321889967318,"pH",7.80449443721689,"pH"
"gas_ref_med",2109,857.166741642504,"ppmv CO2",7.63315759318236,"W/m2",4.23778091880686,"degC",7.78947950214687,"pH",7.80121748731009,"pH"
"gas_ref_med",2110,864.510587107571,"ppmv CO2",7.68509282448023,"W/m2",4.27403997848426,"degC",7.78577028823948,"pH",7.79796484057176,"pH"
"gas_ref_med",2111,871.855727733269,"ppmv CO2",7.7364305099209,"W/m2",4.31005927655946,"degC",7.78209050663944,"pH",7.79473586760049,"pH"
"gas_ref_med",2112,879.20279071532,"ppmv CO2",7.78719378297771,"W/m2",4.34584001017876,"degC",7.77843943968154,"pH",7.79152996298043,"pH"
"gas_ref_med",2113,886.552356231012,"ppmv CO2",7.83740439392585,"W/m2",4.38138398036169,"degC",7.77481640857219,"pH",7.78834655210476,"pH"
"gas_ref_med",2114,893.904979204789,"ppmv CO2",7.88708279775009,"W/m2",4.41669345504128,"degC",7.77122075779731,"pH",7.78518508291879,"pH"
"gas_ref_med",2115,901.261205610257,"ppmv CO2",7.93624838544048,"W/m2",4.4517710723817,"degC",7.76765181900061,"pH",7.78204499449758,"pH"
"gas_ref_med",2116,908.621720880425,"ppmv CO2",7.98492043538937,"W/m2",4.48661983912639,"degC",7.76410889005033,"pH",7.77892570347315,"pH"
"gas_ref_med",2117,915.98723500752,"ppmv CO2",8.03311741877674,"W/m2",4.52124306429077,"degC",7.76059133421471,"pH",7.77582666846257,"pH"
"gas_ref_med",2118,923.358263684635,"ppmv CO2",8.08085586847576,"W/m2",4.5556441932437,"degC",7.7570986102751,"pH",7.7727474211378,"pH"
"gas_ref_med",2119,930.735229664181,"ppmv CO2",8.1281509174703,"W/m2",4.58982671426406,"degC",7.75363020434317,"pH",7.76968752927245,"pH"
"gas_ref_med",2120,938.118543428952,"ppmv CO2",8.17501698101745,"W/m2",4.62379414784001,"degC",7.75018561369619,"pH",7.76664657444092,"pH"
"gas_ref_med",2121,945.508616662444,"ppmv CO2",8.22146777538253,"W/m2",4.65755003721088,"degC",7.74676434819014,"pH",7.76362414850992,"pH"
"gas_ref_med",2122,952.905857187158,"ppmv CO2",8.26751638773045,"W/m2",4.69109793805226,"degC",7.74336593038454,"pH",7.76061985361004,"pH"
"gas_ref_med",2123,960.310672195798,"ppmv CO2",8.31317527387022,"W/m2",4.72444140428682,"degC",7.73998988387,"pH",7.757633293259,"pH"
"gas_ref_med",2124,967.723511973319,"ppmv CO2",8.35845656064628,"W/m2",4.75758399802693,"degC",7.73663573359141,"pH",7.75466407224941,"pH"
"gas_ref_med",2125,975.14481947061,"ppmv CO2",8.40337185730572,"W/m2",4.79052927850773,"degC",7.73330303800588,"pH",7.75171181940056,"pH"
"gas_ref_med",2126,982.574961366155,"ppmv CO2",8.44793180810531,"W/m2",4.82328074887709,"degC",7.7299913887836,"pH",7.74877619165073,"pH"
"gas_ref_med",2127,990.01428127218,"ppmv CO2",8.49214649596333,"W/m2",4.85584184489525,"degC",7.72670038595749,"pH",7.74585685739896,"pH"
"gas_ref_med",2128,997.463129315495,"ppmv CO2",8.53602561912466,"W/m2",4.88821594330983,"degC",7.72342963812662,"pH",7.7429534923072,"pH"
"gas_ref_med",2129,1004.92184930777,"ppmv CO2",8.57957840171036,"W/m2",4.9204063579265,"degC",7.72017876796997,"pH",7.7400657829518,"pH"
"gas_ref_med",2130,1012.39077038044,"ppmv CO2",8.62281364746715,"W/m2",4.95241633717512,"degC",7.71694741100872,"pH",7.73719342698982,"pH"
"gas_ref_med",2131,1019.87021353107,"ppmv CO2",8.66573973149105,"W/m2",4.98424905975393,"degC",7.71373520670833,"pH",7.73433612629285,"pH"
"gas_ref_med",2132,1027.36052076856,"ppmv CO2",8.70836483178264,"W/m2",5.01590764918269,"degC",7.71054179423192,"pH",7.73149358243038,"pH"
"gas_ref_med",2133,1034.86204857622,"ppmv CO2",8.75069684710295,"W/m2",5.0473951775909,"degC",7.70736682871735,"pH",7.72866550802422,"pH"
"gas_ref_med",2134,1042.37511232573,"ppmv CO2",8.79274316607147,"W/m2",5.07871464568398,"degC",7.70420998971575,"pH",7.72585163603131,"pH"
"gas_ref_med",2135,1049.89999055924,"ppmv CO2",8.83451072191714,"W/m2",5.10986896946984,"degC",7.70107096645543,"pH",7.72305171023365,"pH"
"gas_ref_med",2136,1057.43697014829,"ppmv CO2",8.87600623955873,"W/m2",5.14086099166217,"degC",7.69794945673446,"pH",7.72026548155079,"pH"
"gas_ref_med",2137,1064.98632006966,"ppmv CO2",8.917236058567,"W/m2",5.17169347560943,"degC",7.69484517741416,"pH",7.7174927159907,"pH"
"gas_ref_med",2138,1072.5482719851,"ppmv CO2",8.95820615455094,"W/m2",5.20236909930829,"degC",7.6917578591477,"pH",7.71473319285583,"pH"
"gas_ref_med",2139,1080.12304639692,"ppmv CO2",8.99892222220918,"W/m2",5.23289045758942,"degC",7.68868724178226,"pH",7.71198669984674,"pH"
"gas_ref_med",2140,1087.71085272729,"ppmv CO2",9.03938967552329,"W/m2",5.26326006347772,"degC",7.68563307283615,"pH",7.7092530313912,"pH"
"gas_ref_med",2141,1095.3118967249,"ppmv CO2",9.07961373795932,"W/m2",5.29348035587473,"degC",7.68259510394555,"pH",7.70653198567957,"pH"
"gas_ref_med",2142,1102.92638862391,"ppmv CO2",9.11959945898536,"W/m2",5.32355370658267,"degC",7.6795730933897,"pH",7.7038233657434,"pH"
"gas_ref_med",2143,1110.55452934625,"ppmv CO2",9.15935169588377,"W/m2",5.35348242315594,"degC",7.67656681104986,"pH",7.7011269840293,"pH"
"gas_ref_med",2144,1118.19649723006,"ppmv CO2",9.19887501734586,"W/m2",5.38326874188905,"degC",7.67357603756412,"pH",7.69844266287239,"pH"
"gas_ref_med",2145,1125.85245588319,"ppmv CO2",9.23817377056531,"W/m2",5.41291482720989,"degC",7.67060055724419,"pH",7.69577022884439,"pH"
"gas_ref_med",2146,1133.52257662848,"ppmv CO2",9.27725221308832,"W/m2",5.44242278304512,"degC",7.66764015914395,"pH",7.6931095115525,"pH"
"gas_ref_med",2147,1141.20702524195,"ppmv CO2",9.31611444012462,"W/m2",5.47179465551252,"degC",7.6646946435742,"pH",7.69046034937078,"pH"
"gas_ref_med",2148,1148.90594139535,"ppmv CO2",9.35476429492939,"W/m2",5.50103242581167,"degC",7.66176382059215,"pH",7.6878225902032,"pH"
"gas_ref_med",2149,1156.6194503129,"ppmv CO2",9.39372079303809,"W/m2",5.53018262323714,"degC",7.65884750730287,"pH",7.68519608837562,"pH"
"gas_ref_med",2150,1164.34766899853,"ppmv CO2",9.4324664654565,"W/m2",5.55923945550606,"degC",7.65594649942822,"pH",7.68258076346878,"pH"
"gas_ref_med",2151,1172.09081723442,"ppmv CO2",9.47100527512282,"W/m2",5.5881936339981,"degC",7.6530592687627,"pH",7.67997634360674,"pH"
"gas_ref_med",2152,1179.84901200367,"ppmv CO2",9.50934054948777,"W/m2",5.61704018756376,"degC",7.65018587069138,"pH",7.67738272203985,"pH"
"gas_ref_med",2153,1187.62236643451,"ppmv CO2",9.5474755779768,"W/m2",5.64577641240002,"degC",7.6473262093225,"pH",7.67479977334646,"pH"
"gas_ref_med",2154,1195.41098788154,"ppmv CO2",9.58541348964727,"W/m2",5.67440090053579,"degC",7.64448013292231,"pH",7.67222736968128,"pH"
"gas_ref_med",2155,1203.21498288622,"ppmv CO2",9.62315734286799,"W/m2",5.70291303793717,"degC",7.6416474946847,"pH",7.6696653855243,"pH"
"gas_ref_med",2156,1211.03446116047,"ppmv CO2",9.66071012479348,"W/m2",5.73131272218828,"degC",7.63882814429486,"pH",7.66711369626869,"pH"
"gas_ref_med",2157,1218.86953351145,"ppmv CO2",9.69807473374864,"W/m2",5.75960019111176,"degC",7.63602193404948,"pH",7.6645721809622,"pH"
"gas_ref_med",2158,1226.72029991452,"ppmv CO2",9.73525395818925,"W/m2",5.78777591224471,"degC",7.63322872346052,"pH",7.66204072599358,"pH"
"gas_ref_med",2159,1234.58683808196,"ppmv CO2",9.77225042720112,"W/m2",5.81584050539068,"degC",7.63044837781035,"pH",7.65951922471296,"pH"
"gas_ref_med",2160,1242.4692128481,"ppmv CO2",9.80906661870548,"W/m2",5.84379468982462,"degC",7.62768076786225,"pH",7.65700757559284,"pH"
"gas_ref_med",2161,1250.36747931316,"ppmv CO2",9.84570492026834,"W/m2",5.87163925252819,"degC",7.62492576830616,"pH",7.65450568097782,"pH"
"gas_ref_med",2162,1258.28168648666,"ppmv CO2",9.88216767204287,"W/m2",5.89937502954091,"degC",7.62218325622492,"pH",7.65201344551689,"pH"
"gas_ref_med",2163,1266.21188289972,"ppmv CO2",9.91845710057771,"W/m2",5.92700288665653,"degC",7.61945309831488,"pH",7.64953076687622,"pH"
"gas_ref_med",2164,1274.15816258917,"ppmv CO2",9.95457559578491,"W/m2",5.95452372817456,"degC",7.61673515122242,"pH",7.6470575305077,"pH"
"gas_ref_med",2165,1282.12066573129,"ppmv CO2",9.99052570059493,"W/m2",5.98193850466643,"degC",7.61402926645525,"pH",7.64459361445967,"pH"
"gas_ref_med",2166,1290.09955255049,"ppmv CO2",10.0263099446901,"W/m2",6.00924820333458,"degC",7.6113352164805,"pH",7.64213884338773,"pH"
"gas_ref_med",2167,1298.09526672159,"ppmv CO2",10.0619320266826,"W/m2",6.03645394162953,"degC",7.60865274626024,"pH",7.63969298755507,"pH"
"gas_ref_med",2168,1306.10839827843,"ppmv CO2",10.0973961167412,"W/m2",6.06355698677162,"degC",7.60598169357708,"pH",7.63725587219122,"pH"
"gas_ref_med",2169,1314.13916947461,"ppmv CO2",10.1327047872476,"W/m2",6.09055858285176,"degC",7.60332196904881,"pH",7.63482742718549,"pH"
"gas_ref_med",2170,1322.18745301285,"ppmv CO2",10.167859169298,"W/m2",6.11745982097591,"degC",7.60067351758886,"pH",7.63240763564245,"pH"
"gas_ref_med",2171,1330.25305170372,"ppmv CO2",10.2028600731698,"W/m2",6.14426164711899,"degC",7.59803625616888,"pH",7.6299964557169,"pH"
"gas_ref_med",2172,1338.33595777884,"ppmv CO2",10.237709053746,"W/m2",6.17096496891485,"degC",7.59541010123897,"pH",7.62759381597867,"pH"
"gas_ref_med",2173,1346.43622941613,"ppmv CO2",10.2724078960568,"W/m2",6.19757069427474,"degC",7.59279501054686,"pH",7.62519967237932,"pH"
"gas_ref_med",2174,1354.55373678412,"ppmv CO2",10.3069576340484,"W/m2",6.22407966593708,"degC",7.59019095841899,"pH",7.62281402158747,"pH"
"gas_ref_med",2175,1362.68822169198,"ppmv CO2",10.3413587388605,"W/m2",6.25049262126965,"degC",7.5875979266688,"pH",7.62043687314878,"pH"
"gas_ref_med",2176,1370.83942991131,"ppmv CO2",10.3756117510783,"W/m2",6.27681022132986,"degC",7.58501589026954,"pH",7.61806822448144,"pH"
"gas_ref_med",2177,1379.00717500014,"ppmv CO2",10.4097173970113,"W/m2",6.30303308727712,"degC",7.58244479589698,"pH",7.61570804480148,"pH"
"gas_ref_med",2178,1387.19138689556,"ppmv CO2",10.4436768701766,"W/m2",6.32916185036231,"degC",7.57988457940257,"pH",7.61335628269921,"pH"
"gas_ref_med",2179,1395.39204941115,"ppmv CO2",10.4774915832874,"W/m2",6.35519716894451,"degC",7.57733520600048,"pH",7.61101290383948,"pH"
"gas_ref_med",2180,1403.60902528956,"ppmv CO2",10.5111624252747,"W/m2",6.38113967414363,"degC",7.57479665697298,"pH",7.60867790537872,"pH"
"gas_ref_med",2181,1411.84205595183,"ppmv CO2",10.5446898506185,"W/m2",6.40698993214915,"degC",7.57226890280195,"pH",7.60635128865892,"pH"
"gas_ref_med",2182,1420.09091838488,"ppmv CO2",10.5780743994898,"W/m2",6.43274846450398,"degC",7.56975192354824,"pH",7.60403304779763,"pH"
"gas_ref_med",2183,1428.3554224066,"ppmv CO2",10.6113167460691,"W/m2",6.45841577175599,"degC",7.56724570768833,"pH",7.60172317908188,"pH"
"gas_ref_med",2184,1436.63534709511,"ppmv CO2",10.6444174754479,"W/m2",6.48399233040795,"degC",7.56475021700412,"pH",7.5994216685871,"pH"
"gas_ref_med",2185,1444.93053172328,"ppmv CO2",10.6773773541782,"W/m2",6.50947861163975,"degC",7.56226528759578,"pH",7.59712841114079,"pH"
"gas_ref_med",2186,1453.24128496259,"ppmv CO2",10.710198891819,"W/m2",6.53487523320633,"degC",7.55979078866866,"pH",7.59484325127165,"pH"
"gas_ref_med",2187,1461.56802426319,"ppmv CO2",10.7428849244706,"W/m2",6.56018296230288,"degC",7.55732670930125,"pH",7.59256612149212,"pH"
"gas_ref_med",2188,1469.91062343811,"ppmv CO2",10.7754362871046,"W/m2",6.58540250123345,"degC",7.55487301352376,"pH",7.59029703490066,"pH"
"gas_ref_med",2189,1478.26869591795,"ppmv CO2",10.807852818252,"W/m2",6.61053440038019,"degC",7.55242969280247,"pH",7.58803602815564,"pH"
"gas_ref_med",2190,1486.64187093699,"ppmv CO2",10.8401344609271,"W/m2",6.63557910464368,"degC",7.54999676729192,"pH",7.58578313332124,"pH"
"gas_ref_med",2191,1495.02982178062,"ppmv CO2",10.8722813140115,"W/m2",6.66053699914283,"degC",7.54757425554001,"pH",7.58353837472843,"pH"
"gas_ref_med",2192,1503.43224017955,"ppmv CO2",10.9042935519257,"W/m2",6.68540843168778,"degC",7.54516216473629,"pH",7.58130176962598,"pH"
"gas_ref_med",2193,1511.84883898778,"ppmv CO2",10.9361714411109,"W/m2",6.71019372831348,"degC",7.5427604863764,"pH",7.57907332275321,"pH"
"gas_ref_med",2194,1520.27938605029,"ppmv CO2",10.9679154165257,"W/m2",6.73489321127051,"degC",7.54036901587898,"pH",7.57685290948329,"pH"
"gas_ref_med",2195,1528.72432358617,"ppmv CO2",10.99952828691,"W/m2",6.75950740397051,"degC",7.53798759011852,"pH",7.57464032112426,"pH"
"gas_ref_med",2196,1537.18437893157,"ppmv CO2",11.0310137911846,"W/m2",6.78403707680806,"degC",7.53561623295877,"pH",7.57243546108449,"pH"
"gas_ref_med",2197,1545.65954249543,"ppmv CO2",11.0623730727383,"W/m2",6.80848295962529,"degC",7.53325491747904,"pH",7.5702383512779,"pH"
"gas_ref_med",2198,1554.14930684646,"ppmv CO2",11.0936055152785,"W/m2",6.83284557628893,"degC",7.53090363731248,"pH",7.56804906239541,"pH"
"gas_ref_med",2199,1562.65310910675,"ppmv CO2",11.1247103416564,"W/m2",6.85712527836091,"degC",7.52856243691619,"pH",7.56586766370139,"pH"
"gas_ref_med",2200,1571.17047286671,"ppmv CO2",11.1556870897871,"W/m2",6.88132232309553,"degC",7.52623137533293,"pH",7.56369421068193,"pH"
"gas_ref_med",2201,1579.70097756521,"ppmv CO2",11.1865355201759,"W/m2",6.90543692041156,"degC",7.52391048986226,"pH",7.56152874191734,"pH"
"gas_ref_med",2202,1588.24426001203,"ppmv CO2",11.2172555931903,"W/m2",6.92946926096238,"degC",7.52159980674213,"pH",7.55937128343258,"pH"
"gas_ref_med",2203,1596.79999872608,"ppmv CO2",11.2478474195204,"W/m2",6.95341953159952,"degC",7.51929933718878,"pH",7.55722184828081,"pH"
"gas_ref_med",2204,1605.367922145,"ppmv CO2",11.2783112643068,"W/m2",6.97728792691903,"degC",7.51700908698742,"pH",7.55508044005183,"pH"
"gas_ref_med",2205,1613.94779213474,"ppmv CO2",11.308647537057,"W/m2",7.00107465758351,"degC",7.51472905835942,"pH",7.55294705737254,"pH"
"gas_ref_med",2206,1622.53938272454,"ppmv CO2",11.3388566634788,"W/m2",7.02477994590801,"degC",7.51245924000979,"pH",7.55082169072628,"pH"
"gas_ref_med",2207,1631.14250345042,"ppmv CO2",11.3689391924751,"W/m2",7.04840403138374,"degC",7.51019961935889,"pH",7.54870432415715,"pH"
"gas_ref_med",2208,1639.7569913564,"ppmv CO2",11.3988957805424,"W/m2",7.07194717516882,"degC",7.50795017030323,"pH",7.54659493057821,"pH"
"gas_ref_med",2209,1648.3827354516,"ppmv CO2",11.4287272171342,"W/m2",7.0954096656957,"degC",7.50571084750402,"pH",7.54449346397216,"pH"
"gas_ref_med",2210,1657.01971794685,"ppmv CO2",11.4584345704857,"W/m2",7.11879183604368,"degC",7.50348161207995,"pH",7.54239986890465,"pH"
"gas_ref_med",2211,1665.66795752151,"ppmv CO2",11.4880190634298,"W/m2",7.14209406762066,"degC",7.5012624296286,"pH",7.54031409244975,"pH"
"gas_ref_med",2212,1674.32744577072,"ppmv CO2",11.5174817799355,"W/m2",7.16531676650704,"degC",7.49905325909207,"pH",7.53823608592366,"pH"
"gas_ref_med",2213,1682.99815139073,"ppmv CO2",11.5468237266054,"W/m2",7.18846034950003,"degC",7.49685406297556,"pH",7.53616580516795,"pH"
"gas_ref_med",2214,1691.68002901432,"ppmv CO2",11.5760458310587,"W/m2",7.2115252352891,"degC",7.4946648142194,"pH",7.53410321197459,"pH"
"gas_ref_med",2215,1700.37301173859,"ppmv CO2",11.605148973579,"W/m2",7.2345118407147,"degC",7.49248548923789,"pH",7.53204827199951,"pH"
"gas_ref_med",2216,1709.07702043757,"ppmv CO2",11.6341339629744,"W/m2",7.25742057604673,"degC",7.49031606882391,"pH",7.53000095328702,"pH"
"gas_ref_med",2217,1717.79197163176,"ppmv CO2",11.6630015872323,"W/m2",7.28025184538145,"degC",7.48815653908152,"pH",7.52796122578626,"pH"
"gas_ref_med",2218,1726.51777837344,"ppmv CO2",11.6917526357882,"W/m2",7.30300604911697,"degC",7.48600689032847,"pH",7.5259290611053,"pH"
"gas_ref_med",2219,1735.25435005268,"ppmv CO2",11.7203878301143,"W/m2",7.32568357964824,"degC",7.48386711676964,"pH",7.52390443248182,"pH"
"gas_ref_med",2220,1744.00159222289,"ppmv CO2",11.748907948285,"W/m2",7.34828482814088,"degC",7.48173721666009,"pH",7.52188731492414,"pH"
"gas_ref_med",2221,1752.75940572002,"ppmv CO2",11.7773136910611,"W/m2",7.37081017905581,"degC",7.47961719277692,"pH",7.51987768539466,"pH"
"gas_ref_med",2222,1761.52768614125,"ppmv CO2",11.8056057242773,"W/m2",7.39326000826341,"degC",7.4775070521248,"pH",7.51787552272671,"pH"
"gas_ref_med",2223,1770.30632416967,"ppmv CO2",11.8337847390322,"W/m2",7.41563468743528,"degC",7.47540680628275,"pH",7.51588080760894,"pH"
"gas_ref_med",2224,1779.09520589772,"ppmv CO2",11.8618513576081,"W/m2",7.43793457953948,"degC",7.47331647232108,"pH",7.51389352286127,"pH"
"gas_ref_med",2225,1787.89421164277,"ppmv CO2",11.8898062195177,"W/m2",7.4601600419238,"degC",7.47123607215204,"pH",7.51191365330135,"pH"
"gas_ref_med",2226,1796.70321643651,"ppmv CO2",11.9176499208507,"W/m2",7.48231142422969,"degC",7.46916563309614,"pH",7.50994118573111,"pH"
"gas_ref_med",2227,1805.52209060384,"ppmv CO2",11.9453830599747,"W/m2",7.50438907006468,"degC",7.46710518813156,"pH",7.50797610889385,"pH"
"gas_ref_med",2228,1814.35070006589,"ppmv CO2",11.9730061753904,"W/m2",7.52639331332433,"degC",7.46505477619879,"pH",7.50601841346281,"pH"
"gas_ref_med",2229,1823.18890661876,"ppmv CO2",12.0005198394765,"W/m2",7.54832448292865,"degC",7.46301444269457,"pH",7.50406809222489,"pH"
"gas_ref_med",2230,1832.03656696603,"ppmv CO2",12.0279245564473,"W/m2",7.57018289838975,"degC",7.46098423964131,"pH",7.50212514011854,"pH"
"gas_ref_med",2231,1840.89353294422,"ppmv CO2",12.05522084389,"W/m2",7.59196887247961,"degC",7.45896422590991,"pH",7.50018955420177,"pH"
"gas_ref_med",2232,1849.75965192474,"ppmv CO2",12.0824091996057,"W/m2",7.61368271121369,"degC",7.45695446788018,"pH",7.49826133368023,"pH"
"gas_ref_med",2233,1858.63476728123,"ppmv CO2",12.1094901027268,"W/m2",7.63532471346461,"degC",7.45495503988883,"pH",7.49634047990273,"pH"
"gas_ref_med",2234,1867.51871880699,"ppmv CO2",12.1364640124578,"W/m2",7.65689517060771,"degC",7.45296602481608,"pH",7.49442699643734,"pH"
"gas_ref_med",2235,1876.41134273029,"ppmv CO2",12.1633313853843,"W/m2",7.67839436774095,"degC",7.45098751453417,"pH",7.49252088911177,"pH"
"gas_ref_med",2236,1885.3124719896,"ppmv CO2",12.1900926449007,"W/m2",7.69982258207728,"degC",7.44901961061295,"pH",7.49062216607868,"pH"
"gas_ref_med",2237,1894.22193660178,"ppmv CO2",12.2167482296328,"W/m2",7.7211800856306,"degC",7.44706242485737,"pH",7.48873083779708,"pH"
"gas_ref_med",2238,1903.13956444317,"ppmv CO2",12.2432985642931,"W/m2",7.74246714514986,"degC",7.44511608032075,"pH",7.48684691709651,"pH"
"gas_ref_med",2239,1912.06518192601,"ppmv CO2",12.2697440561594,"W/m2",7.76368402140527,"degC",7.44318071221604,"pH",7.48497041926243,"pH"
"gas_ref_med",2240,1920.99861441934,"ppmv CO2",12.2960851044639,"W/m2",7.78483096950066,"degC",7.44125646875285,"pH",7.4831013620886,"pH"
"gas_ref_med",2241,1929.93968695089,"ppmv CO2",12.3223221209452,"W/m2",7.80590824098994,"degC",7.43934351236565,"pH",7.48123976601355,"pH"
"gas_ref_med",2242,1938.88822473339,"ppmv CO2",12.3484555233009,"W/m2",7.82691608503493,"degC",7.43744202115366,"pH",7.47938565433389,"pH"
"gas_ref_med",2243,1947.84405345888,"ppmv CO2",12.37448567982,"W/m2",7.84785474437093,"degC",7.43555219033986,"pH",7.47753905343979,"pH"
"gas_ref_med",2244,1956.80699954884,"ppmv CO2",12.4004130111968,"W/m2",7.86872446069333,"degC",7.43367423384433,"pH",7.47569999311199,"pH"
"gas_ref_med",2245,1965.77689010597,"ppmv CO2",12.4262379095812,"W/m2",7.88952547266055,"degC",7.43180838628706,"pH",7.47386850684711,"pH"
"gas_ref_med",2246,1974.75355337517,"ppmv CO2",12.4519607856099,"W/m2",7.9102580175862,"degC",7.42995490509152,"pH",7.4720446321968,"pH"
"gas_ref_med",2247,1983.73681910676,"ppmv CO2",12.4775820484337,"W/m2",7.9309223315467,"degC",7.42811407316108,"pH",7.47022841126447,"pH"
"gas_ref_med",2248,1992.72651850416,"ppmv CO2",12.5031020970459,"W/m2",7.95151864848495,"degC",7.42628620161868,"pH",7.46841989123234,"pH"
"gas_ref_med",2249,2001.7224841716,"ppmv CO2",12.5285213370031,"W/m2",7.97204720098256,"degC",7.42447163297059,"pH",7.46661912498388,"pH"
"gas_ref_med",2250,2010.72454991979,"ppmv CO2",12.5538401564632,"W/m2",7.9925082189525,"degC",7.42267074465234,"pH",7.46482617175373,"pH"
"gas_ref_med",2251,2019.73255096205,"ppmv CO2",12.5790589805711,"W/m2",8.01290193315608,"degC",7.42088395315019,"pH",7.46304109786857,"pH"
"gas_ref_med",2252,2028.74632411,"ppmv CO2",12.6041782092926,"W/m2",8.03322857295346,"degC",7.41911171900121,"pH",7.46126397767778,"pH"
"gas_ref_med",2253,2037.76570771255,"ppmv CO2",12.6291982524997,"W/m2",8.053488367041,"degC",7.41735455204436,"pH",7.45949489453758,"pH"
"gas_ref_med",2254,2046.79054161573,"ppmv CO2",12.6541195328811,"W/m2",8.07368154470293,"degC",7.41561301739292,"pH",7.45773394182574,"pH"
"gas_ref_med",2255,2055.82066794011,"ppmv CO2",12.6789424633709,"W/m2",8.0938083347671,"degC",7.41388774276308,"pH",7.45598122419935,"pH"
"gas_ref_med",2256,2064.85593165048,"ppmv CO2",12.7036674533158,"W/m2",8.11386896517445,"degC",7.41217942674807,"pH",7.45423685905551,"pH"
"gas_ref_med",2257,2073.89618090836,"ppmv CO2",12.7282949275523,"W/m2",8.13386366443803,"degC",7.41048884846941,"pH",7.4525009783048,"pH"
"gas_ref_med",2258,2082.94126694149,"ppmv CO2",12.7528253424573,"W/m2",8.15379266428322,"degC",7.40881687864832,"pH",7.45077373041256,"pH"
"gas_ref_med",2259,2091.99104393278,"ppmv CO2",12.7772590930085,"W/m2",8.17365619365993,"degC",7.40716449271864,"pH",7.44905528285629,"pH"
"gas_ref_med",2260,2101.04536846767,"ppmv CO2",12.8015966340822,"W/m2",8.19345448399835,"degC",7.40553278535396,"pH",7.44734582474718,"pH"
"gas_ref_med",2261,2110.10409977922,"ppmv CO2",12.8258384046594,"W/m2",8.21318776781285,"degC",7.40392298846684,"pH",7.44564557003348,"pH"
"gas_ref_med",2262,2119.16710002003,"ppmv CO2",12.8499848366176,"W/m2",8.232856277535,"degC",7.40233649208647,"pH",7.44395476122738,"pH"
"gas_ref_med",2263,2128.23423436228,"ppmv CO2",12.8740363773579,"W/m2",8.25246024683942,"degC",7.40077486893226,"pH",7.4422736737794,"pH"
"gas_ref_med",2264,2137.30537104579,"ppmv CO2",12.8979934864447,"W/m2",8.2719999115483,"degC",7.39923990349701,"pH",7.44060262118547,"pH"
"gas_ref_med",2265,2146.3803818053,"ppmv CO2",12.9218566003295,"W/m2",8.29147550717267,"degC",7.39773362693632,"pH",7.43894196113341,"pH"
"gas_ref_med",2266,2155.45914182477,"ppmv CO2",12.9456261980072,"W/m2",8.31088727248903,"degC",7.39625835840636,"pH",7.43729210275839,"pH"
"gas_ref_med",2267,2164.54152962116,"ppmv CO2",12.969302734591,"W/m2",8.33023544709739,"degC",7.39481675491885,"pH",7.43565351534047,"pH"
"gas_ref_med",2268,2173.62742683704,"ppmv CO2",12.9928866764907,"W/m2",8.34952027196077,"degC",7.39341187110399,"pH",7.43402673864804,"pH"
"gas_ref_med",2269,2182.71671801492,"ppmv CO2",13.0163784996608,"W/m2",8.36874199010584,"degC",7.39204723176152,"pH",7.43241239539334,"pH"
"gas_ref_med",2270,2191.80929023151,"ppmv CO2",13.0397786720933,"W/m2",8.38790084556173,"degC",7.39072692002539,"pH",7.43081120620911,"pH"
"gas_ref_med",2271,2200.90503280223,"ppmv CO2",13.0630876646462,"W/m2",8.40699708336415,"degC",7.38945568509144,"pH",7.42922400775202,"pH"
"gas_ref_med",2272,2210.00383689223,"ppmv CO2",13.0863059521589,"W/m2",8.42603094979817,"degC",7.38823907463726,"pH",7.42765177469869,"pH"
"gas_ref_med",2273,2219.10559497736,"ppmv CO2",13.1094340057202,"W/m2",8.44500269190242,"degC",7.38708359835793,"pH",7.42609564656139,"pH"
"gas_ref_med",2274,2228.21020009073,"ppmv CO2",13.1324722957175,"W/m2",8.46391255729469,"degC",7.38599693122288,"pH",7.42455696060985,"pH"
"gas_ref_med",2275,2237.31754414028,"ppmv CO2",13.1554212780391,"W/m2",8.48276079289302,"degC",7.38498816672537,"pH",7.42303729209133,"pH"
"gas_ref_med",2276,2246.42751676397,"ppmv CO2",13.1782814113719,"W/m2",8.50154764534126,"degC",7.38406813547899,"pH",7.42153850384151,"pH"
"gas_ref_med",2277,2255.54000379559,"ppmv CO2",13.2010531435401,"W/m2",8.52027336031175,"degC",7.38324980823983,"pH",7.42006280768909,"pH"
"gas_ref_med",2278,2264.65488501119,"ppmv CO2",13.2237368862776,"W/m2",8.53893817963725,"degC",7.38254880866993,"pH",7.41861284060839,"pH"
"gas_ref_med",2279,2273.77203100217,"ppmv CO2",13.2463330188712,"W/m2",8.55754233929677,"degC",7.38198406979331,"pH",7.41719175919669,"pH"
"gas_ref_med",2280,2282.89129991341,"ppmv CO2",13.2688419208135,"W/m2",8.57608607081676,"degC",7.38157868169717,"pH",7.41580335755889,"pH"
"gas_ref_med",2281,2292.01253170761,"ppmv CO2",13.2912639073728,"W/m2",8.59456959695745,"degC",7.38136099235111,"pH",7.41445221399987,"pH"
"gas_ref_med",2282,2301.13554074937,"ppmv CO2",13.313599236451,"W/m2",8.61299312842183,"degC",7.38136604754015,"pH",7.41314387316914,"pH"
"gas_ref_med",2283,2310.26010654685,"ppmv CO2",13.335848075945,"W/m2",8.63135685872706,"degC",7.38163748868513,"pH",7.41188507126177,"pH"
"gas_ref_med",2284,2319.38596232452,"ppmv CO2",13.3580104896666,"W/m2",8.64966095882113,"degC",7.38223007162753,"pH",7.41068401186254,"pH"
"gas_ref_med",2285,2328.51278149463,"ppmv CO2",13.3800864379926,"W/m2",8.66790557297285,"degC",7.38321303216458,"pH",7.40955069839674,"pH"
"gas_ref_med",2286,2337.64016248647,"ppmv CO2",13.4020756413685,"W/m2",8.68609080378133,"degC",7.38467460939154,"pH",7.4084973235764,"pH"
"gas_ref_med",2287,2346.76761365941,"ppmv CO2",13.4239776989406,"W/m2",8.70421670996052,"degC",7.38672815080147,"pH",7.40753870269388,"pH"
"gas_ref_med",2288,2355.89454284276,"ppmv CO2",13.4457919472572,"W/m2",8.72228329351273,"degC",7.38952036599599,"pH",7.40669270916756,"pH"
"gas_ref_med",2289,2365.02026158642,"ppmv CO2",13.4675175116469,"W/m2",8.74029049287201,"degC",7.39324244463704,"pH",7.40598061346869,"pH"
"gas_ref_med",2290,2374.14402503218,"ppmv CO2",13.4891534381028,"W/m2",8.75823818955996,"degC",7.39814484313814,"pH",7.40542712003609,"pH"
"gas_ref_med",2291,2383.26514701408,"ppmv CO2",13.5106988922909,"W/m2",8.77612623093073,"degC",7.40455634916183,"pH",7.40505970815966,"pH"
"gas_ref_med",2292,2392.38326614749,"ppmv CO2",13.5321538058225,"W/m2",8.79395450390275,"degC",7.41290698157752,"pH",7.40490658105475,"pH"
"gas_ref_med",2293,2401.49889566243,"ppmv CO2",13.553520051007,"W/m2",8.81172309604555,"degC",7.42375097609905,"pH",7.4049921249462,"pH"
"gas_ref_med",2294,2410.6144688782,"ppmv CO2",13.5748037297894,"W/m2",8.82943262181398,"degC",7.43777752063439,"pH",7.4053284704551,"pH"
"gas_ref_med",2295,2419.73615975256,"ppmv CO2",13.5960191363971,"W/m2",8.8470848253633,"degC",7.45577795835997,"pH",7.4059021973329,"pH"
"gas_ref_med",2296,2428.8766750299,"ppmv CO2",13.617194720598,"W/m2",8.86468357542354,"degC",7.47850580822688,"pH",7.40665782986488,"pH"
"gas_ref_med",2297,2438.05867686222,"ppmv CO2",13.6383803849274,"W/m2",8.88223628351358,"degC",7.50634023115409,"pH",7.40748582250045,"pH"
"gas_ref_med",2298,2447.31709499668,"ppmv CO2",13.6596520819017,"W/m2",8.89975541607552,"degC",7.53873290584821,"pH",7.40822938936478,"pH"
"gas_ref_med",2299,2456.69668258063,"ppmv CO2",13.6811059902262,"W/m2",8.91725915904482,"degC",7.57371638177112,"pH",7.40872056470801,"pH"
"gas_ref_med",2300,2466.24135175088,"ppmv CO2",13.702834999549,"W/m2",8.93476985411128,"degC",7.60812281820469,"pH",7.40883332071811,"pH"
